,id,release_date,movie,production_budget,domestic_gross_x,worldwide_gross,date,year,t1,t2,score,title,studio,domestic_gross_y,foreign_gross,world_gross,dg_diff
166,97,26-Nov-10,The Kingâs Speech,15000000,138797449,430821168,11/26/10,2010,The Kingâs Speech,The King's Speech,0.157894737,The King's Speech,Wein.,135500000,275400000,410900000,3297449
122,86,14-Jan-11,Barney's Version,30000000,7502560,8845575,1/14/11,2011,Barney's Version,Barney's Version (U.S. only),0.428571429,Barney's Version (U.S. only),SPC,4400000,4000000,8400000,3102560
24,61,15-Jul-11,Harry Potter and the Deathly Hallows: Part II,125000000,381193157,1341693157,7/15/11,2011,Harry Potter and the Deathly Hallows: Part II,Harry Potter and the Deathly Hallows Part 2,0.066666667,Harry Potter and the Deathly Hallows Part 2,WB,381000000,960500000,1341500000,193157
15,34,29-Jul-11,Cowboys and Aliens,163000000,100368560,176038324,7/29/11,2011,Cowboys and Aliens,Cowboys & Aliens,0.166666667,Cowboys & Aliens,Uni.,100200000,74600000,174800000,168560
25,64,19-Nov-10,Harry Potter and the Deathly Hallows: Part I,125000000,296131568,960431568,11/19/10,2010,Harry Potter and the Deathly Hallows: Part I,Harry Potter and the Deathly Hallows Part 1,0.045454545,Harry Potter and the Deathly Hallows Part 1,WB,296000000,664300000,960300000,131568
50,22,13-Aug-10,Scott Pilgrim vs. The World,85000000,31611316,48056764,8/13/10,2010,Scott Pilgrim vs. The World,Scott Pilgrim vs. the World,0.037037037,Scott Pilgrim vs. the World,Uni.,31500000,16100000,47600000,111316
90,16,21-Sep-18,The House with a Clock in its Walls,40000000,68549695,126331750,9/21/18,2018,The House with a Clock in its Walls,The House With A Clock In Its Walls,0.114285714,The House With A Clock In Its Walls,Uni.,68500000,62900000,131400000,49695
178,75,28-Apr-17,How to Be a Latin Lover,10000000,32149404,62556228,4/28/17,2017,How to Be a Latin Lover,How to be a Latin Lover,0.043478261,How to be a Latin Lover,PNT,32100000,29700000,61800000,49404
145,72,9-Dec-11,Tinker Tailor Soldier Spy,21000000,24149393,81452811,12/9/11,2011,Tinker Tailor Soldier Spy,"Tinker, Tailor, Soldier, Spy",0.107142857,"Tinker, Tailor, Soldier, Spy",Focus,24100000,56500000,80600000,49393
142,37,22-Aug-12,Hit & Run,22000000,13749300,17216955,8/22/12,2012,Hit & Run,Hit and Run,0.272727273,Hit and Run,ORF,13700000,704000,14404000,49300
29,80,21-Dec-16,Assassinâs Creed,125000000,54647948,240759682,12/21/16,2016,Assassinâs Creed,Assassin's Creed,0.166666667,Assassin's Creed,Fox,54600000,186300000,240900000,47948
92,70,25-Dec-11,Extremely Loud and Incredibly Close,40000000,31847881,55247881,12/25/11,2011,Extremely Loud and Incredibly Close,Extremely Loud & Incredibly Close,0.085714286,Extremely Loud & Incredibly Close,WB,31800000,23400000,55200000,47881
225,37,14-Jun-13,20 Feet From Stardom,1000000,4946250,5892466,6/14/13,2013,20 Feet From Stardom,20 Feet from Stardom,0.05,20 Feet from Stardom,RTWC,4900000,,,46250
133,92,22-Apr-11,Madea's Big Happy Family,25000000,53345287,54160818,4/22/11,2011,Madea's Big Happy Family,Tyler Perry's Madea's Big Happy Family,0.368421053,Tyler Perry's Madea's Big Happy Family,LGF,53300000,816000,54116000,45287
129,31,9-Dec-11,New Yearâs Eve,26000000,54544638,146850273,12/9/11,2011,New Yearâs Eve,New Year's Eve,0.1875,New Year's Eve,WB (NL),54500000,87500000,142000000,44638
98,45,21-Dec-12,This is 40,35000000,67544505,90221182,12/21/12,2012,This is 40,This Is 40,0.1,This Is 40,Uni.,67500000,20500000,88000000,44505
121,79,29-Apr-11,Hoodwinked Too: Hood vs. Evil,30000000,10143779,23353111,4/29/11,2011,Hoodwinked Too: Hood vs. Evil,Hoodwinked Too! Hood vs. Evil,0.034482759,Hoodwinked Too! Hood vs. Evil,Wein.,10100000,6800000,16900000,43779
171,44,12-Sep-14,No Good Deed,13200000,52543632,54323210,9/12/14,2014,No Good Deed,No Good Deed (2014),0.368421053,No Good Deed (2014),SGem,52500000,1800000,54300000,43632
95,98,12-Feb-16,How to be Single,37000000,46843513,100003780,2/12/16,2016,How to be Single,How to Be Single,0.0625,How to Be Single,WB (NL),46800000,65500000,112300000,43513
36,30,30-Sep-16,Miss Peregrineâs Home for Peculiar Children,110000000,87242834,295986876,9/30/16,2016,Miss Peregrineâs Home for Peculiar Children,Miss Peregrine's Home for Peculiar Children,0.066666667,Miss Peregrine's Home for Peculiar Children,Fox,87200000,209200000,296400000,42834
143,49,31-Oct-14,Before I Go to Sleep,22000000,3242457,19563579,10/31/14,2014,Before I Go to Sleep,Before I Go To Sleep,0.05,Before I Go To Sleep,CE,3200000,12200000,15400000,42457
19,68,31-Jul-15,Mission: ImpossibleâRogue Nation,150000000,195042377,688858992,7/31/15,2015,Mission: ImpossibleâRogue Nation,Mission: Impossible - Rogue Nation,0.088235294,Mission: Impossible - Rogue Nation,Par.,195000000,487700000,682700000,42377
191,19,11-May-18,Breaking In,6000000,46840590,51411620,5/11/18,2018,Breaking In,Breaking In (2018),0.388888889,Breaking In (2018),Uni.,46800000,4600000,51400000,40590
9,70,10-May-13,The Great Gatsby,190000000,144840419,351040419,5/10/13,2013,The Great Gatsby,The Great Gatsby (2013),0.304347826,The Great Gatsby (2013),WB,144800000,208800000,353600000,40419
94,75,20-Oct-17,Only the Brave,38000000,18340051,24555177,10/20/17,2017,Only the Brave,Only The Brave,0.071428571,Only The Brave,Sony,18300000,7400000,25700000,40051
144,64,16-Apr-10,Death at a Funeral,21000000,42739347,48977233,4/16/10,2010,Death at a Funeral,Death at a Funeral (2010),0.28,Death at a Funeral (2010),SGem,42700000,6300000,49000000,39347
126,16,28-Sep-18,Night School,29000000,77339130,103008792,9/28/18,2018,Night School,Night School (2018),0.368421053,Night School (2018),Uni.,77300000,25800000,103100000,39130
110,10,12-Oct-18,Bad Times at the El Royale,32000000,17839115,29204379,10/12/18,2018,Bad Times at the El Royale,Bad Times At The El Royale,0.076923077,Bad Times At The El Royale,Fox,17800000,14000000,31800000,39115
93,30,11-Nov-16,Billy Lynnâs Long Halftime Walk,40000000,1738477,30230402,11/11/16,2016,Billy Lynnâs Long Halftime Walk,Billy Lynn's Long Halftime Walk,0.090909091,Billy Lynn's Long Halftime Walk,TriS,1700000,29200000,30900000,38477
152,82,14-Feb-14,Endless Love,20000000,23438250,34718173,2/14/14,2014,Endless Love,Endless Love (2014),0.368421053,Endless Love (2014),Uni.,23400000,11300000,34700000,38250
172,58,14-Feb-14,About Last Night,13000000,48637684,50445860,2/14/14,2014,About Last Night,About Last Night (2014),0.304347826,About Last Night (2014),SGem,48600000,365000,48965000,37684
11,85,18-Nov-16,Fantastic Beasts and Where to Find Them,180000000,234037575,802402853,11/18/16,2016,Fantastic Beasts and Where to Find Them,Fantastic Beasts and Where To Find Them,0.025641026,Fantastic Beasts and Where To Find Them,WB,234000000,580000000,814000000,37575
43,55,23-Sep-16,The Magnificent Seven,90000000,93432655,162525156,9/23/16,2016,The Magnificent Seven,The Magnificent Seven (2016),0.25,The Magnificent Seven (2016),Sony,93400000,68900000,162300000,32655
102,80,25-Dec-15,Concussion,35000000,34531832,50363790,12/25/15,2015,Concussion,Concussion (2015),0.411764706,Concussion (2015),Sony,34500000,14100000,48600000,31832
63,63,2-Mar-12,Doctor Seuss' The Lorax,67500000,214030500,350976753,3/2/12,2012,Doctor Seuss' The Lorax,Dr. Seuss' The Lorax,0.217391304,Dr. Seuss' The Lorax,Uni.,214000000,134800000,348800000,30500
203,20,9-May-14,Momsâ Night Out,5000000,10429707,10537341,5/9/14,2014,Momsâ Night Out,Moms' Night Out,0.176470588,Moms' Night Out,TriS,10400000,,,29707
146,98,15-Oct-10,Jackass 3D,20000000,117229692,171685793,10/15/10,2010,Jackass 3D,Jackass 3-D,0.090909091,Jackass 3-D,Par.,117200000,54500000,171700000,29692
59,5,10-Nov-17,Daddyâs Home 2,70000000,104029443,175807183,11/10/17,2017,Daddyâs Home 2,Daddy's Home 2,0.1875,Daddy's Home 2,Par.,104000000,76600000,180600000,29443
71,95,10-Nov-17,Murder on the Orient Express,55000000,102826543,345922730,11/10/17,2017,Murder on the Orient Express,Murder on the Orient Express (2017),0.2,Murder on the Orient Express (2017),Fox,102800000,250000000,352800000,26543
65,83,5-Jun-15,Spy!,65000000,110825712,232585748,6/5/15,2015,Spy!,Spy,0.25,Spy,Fox,110800000,124800000,235600000,25712
100,62,22-May-15,Poltergeist,35000000,47425125,95713069,5/22/15,2015,Poltergeist,Poltergeist (2015),0.388888889,Poltergeist (2015),Fox,47400000,48000000,95400000,25125
22,25,16-Nov-12,"The Twilight Saga: Breaking Dawn, Part 2",136200000,292324737,829724737,11/16/12,2012,"The Twilight Saga: Breaking Dawn, Part 2",The Twilight Saga: Breaking Dawn Part 2,0.025,The Twilight Saga: Breaking Dawn Part 2,LG/S,292300000,537400000,829700000,24737
48,84,14-Sep-18,The Predator,88000000,51024708,159487563,9/14/18,2018,The Predator,The Predator (2018),0.368421053,The Predator (2018),Fox,51000000,109500000,160500000,24708
72,9,17-Jun-11,Mr. Poppers's Penguins,55000000,68224452,189624452,6/17/11,2011,Mr. Poppers's Penguins,Mr. Popper's Penguins,0.045454545,Mr. Popper's Penguins,Fox,68200000,119100000,187300000,24452
138,88,16-Sep-11,Straw Dogs,25000000,10324441,11253821,9/16/11,2011,Straw Dogs,Straw Dogs (2011),0.411764706,Straw Dogs (2011),SGem,10300000,,,24441
47,78,21-Apr-17,The Promise,90000000,8224288,10551417,4/21/17,2017,The Promise,The Promise (2017),0.388888889,The Promise (2017),ORF,8199999,4200000,12399999,24289
224,32,3-Feb-17,I Am Not Your Negro,1000000,7123919,9617402,2/3/17,2017,I Am Not Your Negro,I am Not Your Negro,0.052631579,I am Not Your Negro,Magn.,7100000,,,23919
32,2,23-Jun-10,Knight and Day,117000000,76423035,258751370,6/23/10,2010,Knight and Day,Knight & Day,0.214285714,Knight & Day,Fox,76400000,185500000,261900000,23035
60,19,20-Jan-12,Underworld: Awakening,70000000,62321039,160379930,1/20/12,2012,Underworld: Awakening,Underworld Awakening,0.047619048,Underworld Awakening,SGem,62300000,97800000,160100000,21039
56,28,9-Nov-18,Dr. Seussâ The Grinch,75000000,270620950,511002426,11/9/18,2018,Dr. Seussâ The Grinch,Dr. Seuss' The Grinch (2018),0.357142857,Dr. Seuss' The Grinch (2018),Uni.,270600000,241000000,511600000,20950
167,28,23-Oct-15,Rock the Kasbah,15000000,3020665,3386153,10/23/15,2015,Rock the Kasbah,Rock The Kasbah,0.066666667,Rock The Kasbah,ORF,3000000,,,20665
164,57,3-Oct-14,Left Behind,16000000,14019924,20769209,10/3/14,2014,Left Behind,Left Behind (2014),0.388888889,Left Behind (2014),Free,14000000,5700000,19700000,19924
149,31,20-Oct-17,Tyler Perryâs Boo 2! A Madea Halloween,20000000,47319572,47879572,10/20/17,2017,Tyler Perryâs Boo 2! A Madea Halloween,Tyler Perry's Boo 2! A Madea Halloween,0.075,Tyler Perry's Boo 2! A Madea Halloween,LGF,47300000,1000000,48300000,19572
113,22,13-Sep-13,The Family,30000000,36918811,51078541,9/13/13,2013,The Family,The Family (2013),0.411764706,The Family (2013),Rela.,36900000,41500000,78400000,18811
58,99,8-Jun-18,Oceanâs 8,70000000,140218711,297115976,6/8/18,2018,Oceanâs 8,Ocean's 8,0.272727273,Ocean's 8,WB,140200000,157500000,297700000,18711
140,40,7-Apr-17,Going in Style,24000000,45018541,78672579,4/7/17,2017,Going in Style,Going in Style (2017),0.333333333,Going in Style (2017),WB (NL),45000000,39900000,84900000,18541
177,39,26-Aug-16,Donât Breathe,10000000,89217875,158973685,8/26/16,2016,Donât Breathe,Don't Breathe,0.2,Don't Breathe,SGem,89200000,67900000,157100000,17875
114,28,2-Mar-18,Death Wish,30000000,34017028,48575965,3/2/18,2018,Death Wish,Death Wish (2018),0.411764706,Death Wish (2018),MGM,34000000,,,17028
150,61,12-Apr-13,Scary Movie V,20000000,32015787,78613981,4/12/13,2013,Scary Movie V,Scary Movie 5,0.076923077,Scary Movie 5,W/Dim.,32000000,46400000,78400000,15787
57,43,3-Aug-18,Christopher Robin,75000000,99215042,197504758,8/3/18,2018,Christopher Robin,Disney's Christopher Robin,0.346153846,Disney's Christopher Robin,BV,99200000,98500000,197700000,15042
27,72,1-Apr-10,Clash of the Titans,125000000,163214888,493214888,4/1/10,2010,Clash of the Titans,Clash of the Titans (2010),0.269230769,Clash of the Titans (2010),WB,163200000,330000000,493200000,14888
35,28,21-Dec-16,Passengers,110000000,100014699,302239672,12/21/16,2016,Passengers,Passengers (2016),0.411764706,Passengers (2016),Sony,100000000,203100000,303100000,14699
89,59,27-Jan-12,One for the Money,42000000,26414527,36197221,1/27/12,2012,One for the Money,One For the Money,0.058823529,One For the Money,LGF,26400000,10500000,36900000,14527
170,42,4-Apr-14,Under the Skin,13300000,2614251,7229933,4/4/14,2014,Under the Skin,Under the Skin (2014),0.333333333,Under the Skin (2014),A24,2600000,2800000,5400000,14251
16,35,17-Mar-17,Beauty and the Beast,160000000,504014165,1259199706,3/17/17,2017,Beauty and the Beast,Beauty and the Beast (2017),0.259259259,Beauty and the Beast (2017),BV,504000000,759500000,1263500000,14165
157,52,29-Apr-16,Ratchet and Clank,20000000,8813410,14365639,4/29/16,2016,Ratchet and Clank,Ratchet & Clank,0.176470588,Ratchet & Clank,Focus,8800000,,,13410
158,38,2-Nov-18,Nobodyâs Fool,19000000,31713110,32589493,11/2/18,2018,Nobodyâs Fool,Nobody's Fool,0.2,Nobody's Fool,Par.,31700000,1800000,33500000,13110
4,49,5-May-17,Guardians of the Galaxy Vol 2,200000000,389813101,862316233,5/5/17,2017,Guardians of the Galaxy Vol 2,Guardians of the Galaxy Vol. 2,0.033333333,Guardians of the Galaxy Vol. 2,BV,389800000,473900000,863700000,13101
137,77,21-Dec-12,Cirque du Soleil: Worlds Away,25000000,12512862,28012862,12/21/12,2012,Cirque du Soleil: Worlds Away,Cirque Du Soleil: Worlds Away,0.034482759,Cirque Du Soleil: Worlds Away,Par.,12500000,21600000,34100000,12862
31,1,17-Dec-10,How Do You Know?,120000000,30212620,49628177,12/17/10,2010,How Do You Know?,How Do You Know,0.0625,How Do You Know,Sony,30200000,18500000,48700000,12620
187,73,21-Sep-12,House at the End of the Street,6900000,31611916,44103982,9/21/12,2012,House at the End of the Street,House at the End of The Street,0.033333333,House at the End of The Street,Rela.,31600000,12700000,44300000,11916
64,78,25-Dec-12,Les Miserables,65000000,148809770,442169052,12/25/12,2012,Les Miserables,Les Miserables (2012),0.333333333,Les Miserables (2012),Uni.,148800000,293000000,441800000,9770
192,53,16-Mar-12,Casa de mi Padre,6000000,5909483,8446952,3/16/12,2012,Casa de mi Padre,Casa De Mi Padre,0.125,Casa De Mi Padre,LGF,5900000,2100000,8000000,9483
151,80,17-Sep-10,Alpha and Omega 3D,20000000,25107267,48958353,9/17/10,2010,Alpha and Omega 3D,Alpha and Omega,0.166666667,Alpha and Omega,LGF,25100000,25400000,50500000,7267
147,9,21-Oct-16,Tyler Perryâs Boo! A Madea Halloween,20000000,73206343,73206343,10/21/16,2016,Tyler Perryâs Boo! A Madea Halloween,Boo! A Madea Halloween,0.421052632,Boo! A Madea Halloween,LGF,73200000,1600000,74800000,6343
87,33,6-Feb-14,The Interview,44000000,6105175,12342632,2/6/14,2014,The Interview,The Interview (2014),0.35,The Interview (2014),Sony,6100000,5200000,11300000,5175
207,18,14-Sep-12,Barfi,4600000,2804874,36751984,9/14/12,2012,Barfi,Barfi!,0.166666667,Barfi!,UTV,2800000,,,4874
26,68,8-Aug-14,Teenage Mutant Ninja Turtles,125000000,191204754,485004754,8/8/14,2014,Teenage Mutant Ninja Turtles,Teenage Mutant Ninja Turtles (2014),0.2,Teenage Mutant Ninja Turtles (2014),Par.,191200000,302100000,493300000,4754
77,27,25-Jan-13,Hansel & Gretel: Witch Hunters,50000000,55703475,214949716,1/25/13,2013,Hansel & Gretel: Witch Hunters,Hansel and Gretel: Witch Hunters,0.09375,Hansel and Gretel: Witch Hunters,Par.,55700000,170600000,226300000,3475
109,82,31-Jul-15,The Young and Prodigious T.S. Spivet,33000000,176847,357687,7/31/15,2015,The Young and Prodigious T.S. Spivet,The Young & Prodigious T.S. Spivet,0.083333333,The Young & Prodigious T.S. Spivet,Wein.,174000,9300000,9474000,2847
199,83,5-Jul-13,The Way Way Back,5000000,21502690,26853810,7/5/13,2013,The Way Way Back,"The Way, Way Back",0.058823529,"The Way, Way Back",FoxS,21500000,1700000,23200000,2690
127,78,30-Oct-15,Our Brand is Crisis,28000000,7002261,8594558,10/30/15,2015,Our Brand is Crisis,Our Brand Is Crisis (2015),0.307692308,Our Brand Is Crisis (2015),WB,7000000,,,2261
81,40,8-Aug-14,Into the Storm,50000000,47602194,150429371,8/8/14,2014,Into the Storm,Into The Storm,0.071428571,Into The Storm,WB (NL),47600000,114100000,161700000,2194
13,97,15-Apr-16,The Jungle Book,175000000,364001123,962854547,4/15/16,2016,The Jungle Book,The Jungle Book (2016),0.318181818,The Jungle Book (2016),BV,364000000,602500000,966500000,1123
193,82,2-Apr-10,The Greatest,6000000,115862,117796,4/2/10,2010,The Greatest,The Greatest (2010),0.368421053,The Greatest (2010),Pala.,115000,359000,474000,862
78,28,18-Feb-11,I am Number Four,50000000,55100437,146195159,2/18/11,2011,I am Number Four,I Am Number Four,0.0625,I Am Number Four,BV,55100000,94800000,149900000,437
215,44,2-Mar-12,Tim and Eric's Billion Dollar Movie,3000000,201436,223652,3/2/12,2012,Tim and Eric's Billion Dollar Movie,Tim & Eric's Billion Dollar Movie,0.085714286,Tim & Eric's Billion Dollar Movie,Magn.,201000,,,436
214,33,6-May-11,Hobo with a Shotgun,3000000,703372,834953,5/6/11,2011,Hobo with a Shotgun,Hobo With a Shotgun,0.052631579,Hobo With a Shotgun,Magn.,703000,,,372
212,39,30-Jan-15,"Guten Tag, Ramon",4000000,154356,4854356,1/30/15,2015,"Guten Tag, Ramon","Buen Dia, Ramon",0.3125,"Buen Dia, Ramon",FIP,154000,4500000,4654000,356
185,70,13-Apr-18,Borg vs McEnroe,7500000,231346,3257922,4/13/18,2018,Borg vs McEnroe,Borg vs. McEnroe,0.0625,Borg vs. McEnroe,Neon,231000,,,346
179,69,30-Mar-16,Everybody Wants Some,10000000,3400278,5437126,3/30/16,2016,Everybody Wants Some,Everybody Wants Some!!,0.090909091,Everybody Wants Some!!,Par.,3400000,,,278
70,43,14-Feb-14,Winterâs Tale,60000000,12600231,29575033,2/14/14,2014,Winterâs Tale,Winter's Tale,0.2,Winter's Tale,WB,12600000,18500000,31100000,231
112,9,6-Aug-10,Step Up 3D,30000000,42400223,165889117,8/6/10,2010,Step Up 3D,Step Up 3-D,0.090909091,Step Up 3-D,BV,42400000,116900000,159300000,223
136,53,24-Mar-17,CHiPS,25000000,18600152,23190292,3/24/17,2017,CHiPS,CHiPs,0.2,CHiPs,WB,18600000,8199999,26799999,152
38,57,23-May-13,The Hangover 3,103000000,112200072,362000072,5/23/13,2013,The Hangover 3,The Hangover Part III,0.380952381,The Hangover Part III,WB,112200000,249800000,362000000,72
188,82,21-May-10,Perrierâs Bounty,6600000,828,828,5/21/10,2010,Perrierâs Bounty,Perrier's Bounty,0.166666667,Perrier's Bounty,IFC,800,167000,167800,28
108,68,5-Sep-14,Thunder and the House of Magic,34000000,4091,62582520,9/5/14,2014,Thunder and the House of Magic,Thunder and the House of Magic!,0.032258065,Thunder and the House of Magic!,Shout!,4100,64200000,64204100,-9
194,6,7-Sep-12,The Inbetweeners,5700000,35955,86051320,9/7/12,2012,The Inbetweeners,The Inbetweeners Movie,0.272727273,The Inbetweeners Movie,WHE,36000,88000000,88036000,-45
227,66,19-Jul-13,The Act of Killing,1000000,486919,1227316,7/19/13,2013,The Act of Killing,Act of Killing,0.222222222,Act of Killing,Drft.,487000,,,-81
184,30,5-Oct-12,Wuthering Heights,8000000,100915,2721534,10/5/12,2012,Wuthering Heights,Wuthering Heights (2012),0.291666667,Wuthering Heights (2012),Osci.,101000,,,-85
204,66,26-Sep-14,Jimi: All is By My Side,5000000,340911,927074,9/26/14,2014,Jimi: All is By My Side,Jimi: All Is By My Side,0.043478261,Jimi: All Is By My Side,XL,341000,,,-89
165,76,1-Oct-14,"Men, Women and Children",16000000,705908,1685403,10/1/14,2014,"Men, Women and Children","Men, Women & Children",0.130434783,"Men, Women & Children",Par.,706000,1500000,2206000,-92
211,26,13-Jun-14,The Signal,4000000,600896,2665322,6/13/14,2014,The Signal,The Signal (2014),0.411764706,The Signal (2014),Focus,601000,,,-104
173,10,23-Dec-11,In The Land of Blood and Honey,13000000,303877,509193,12/23/11,2011,In The Land of Blood and Honey,In the Land of Blood and Honey,0.033333333,In the Land of Blood and Honey,FD,304000,,,-123
205,69,30-Sep-11,Tucker & Dale vs. Evil,5000000,223838,5476793,9/30/11,2011,Tucker & Dale vs. Evil,Tucker & Dale Vs. Evil,0.045454545,Tucker & Dale Vs. Evil,Magn.,224000,4500000,4724000,-162
141,97,28-Jun-13,Redemption,23000000,36686,13593473,6/28/13,2013,Redemption,Redemption (2013),0.411764706,Redemption (2013),RAtt.,36900,,,-214
119,58,19-Aug-11,Fright Night,30000000,18298649,40520649,8/19/11,2011,Fright Night,Fright Night (2011),0.368421053,Fright Night (2011),BV,18300000,22700000,41000000,-1351
49,15,20-Jan-17,xXx: Return of Xander Cage,85000000,44898413,345033359,1/20/17,2017,xXx: Return of Xander Cage,xXx: The Return of Xander Cage,0.133333333,xXx: The Return of Xander Cage,Par.,44900000,301200000,346100000,-1587
20,98,16-Dec-11,Mission: ImpossibleâGhost Protocol,145000000,209397903,694713230,12/16/11,2011,Mission: ImpossibleâGhost Protocol,Mission: Impossible - Ghost Protocol,0.083333333,Mission: Impossible - Ghost Protocol,Par.,209400000,485300000,694700000,-2097
160,4,28-Apr-17,The Circle,18000000,20497844,40651864,4/28/17,2017,The Circle,The Circle (2017),0.411764706,The Circle (2017),STX,20500000,,,-2156
162,56,13-Jul-12,Red Lights,17700000,49521,14518884,7/13/12,2012,Red Lights,Red Lights (2012),0.411764706,Red Lights (2012),MNE,52600,13500000,13552600,-3079
226,39,28-Jul-17,An Inconvenient Sequel,1000000,3496795,5839322,7/28/17,2017,An Inconvenient Sequel,An Inconvenient Sequel: Truth to Power,0.421052632,An Inconvenient Sequel: Truth to Power,Par.,3500000,1900000,5400000,-3205
148,16,2-Apr-10,Why Did I Get Married Too?,20000000,60095852,60831067,4/2/10,2010,Why Did I Get Married Too?,Tyler Perry's Why Did I Get Married Too?,0.35,Tyler Perry's Why Did I Get Married Too?,LGF,60100000,578000,60678000,-4148
44,76,19-Aug-11,Conan the Barbarian,90000000,21295021,63356133,8/19/11,2011,Conan the Barbarian,Conan the Barbarian (2011),0.269230769,Conan the Barbarian (2011),LGF,21300000,27500000,48800000,-4979
134,27,29-Apr-16,Motherâs Day,25000000,32492859,52367022,4/29/16,2016,Motherâs Day,Mother's Day,0.214285714,Mother's Day,ORF,32500000,15900000,48400000,-7141
14,3,21-Nov-18,Ralph Breaks The Internet,175000000,201091711,524283695,11/21/18,2018,Ralph Breaks The Internet,Ralph Breaks the Internet,0.04,Ralph Breaks the Internet,BV,201100000,328100000,529200000,-8289
218,77,26-Jul-13,The To Do List,1500000,3491669,4128828,7/26/13,2013,The To Do List,The To-Do List,0.071428571,The To-Do List,CBS,3500000,74600,3574600,-8331
5,51,5-Mar-10,Alice in Wonderland,200000000,334191110,1025491110,3/5/10,2010,Alice in Wonderland,Alice in Wonderland (2010),0.269230769,Alice in Wonderland (2010),BV,334200000,691300000,1025500000,-8890
163,69,13-Aug-14,Letâs Be Cops,17000000,82390774,136890774,8/13/14,2014,Letâs Be Cops,Let's Be Cops,0.2,Let's Be Cops,Fox,82400000,55800000,138200000,-9226
101,75,23-Apr-10,The Back-up Plan,35000000,37490007,75281179,4/23/10,2010,The Back-up Plan,The Back-Up Plan,0.0625,The Back-Up Plan,CBS,37500000,40000000,77500000,-9993
96,5,5-Oct-18,A Star is Born,36000000,215288866,433449571,10/5/18,2018,A Star is Born,A Star is Born (2018),0.333333333,A Star is Born (2018),WB,215300000,218900000,434200000,-11134
23,57,18-Nov-11,"The Twilight Saga: Breaking Dawn, Part 1",127500000,281287133,689420051,11/18/11,2011,"The Twilight Saga: Breaking Dawn, Part 1",The Twilight Saga: Breaking Dawn Part 1,0.025,The Twilight Saga: Breaking Dawn Part 1,Sum.,281300000,430900000,712200000,-12867
202,4,9-Jun-17,It Comes at Night,5000000,13985117,19720203,6/9/17,2017,It Comes at Night,It Comes At Night,0.058823529,It Comes At Night,A24,14000000,5300000,19300000,-14883
68,44,7-Feb-14,The Lego Movie,60000000,257784718,457729388,2/7/14,2014,The Lego Movie,The LEGO Movie,0.214285714,The LEGO Movie,WB,257800000,211400000,469200000,-15282
155,11,29-Sep-17,Flatliners,20000000,16883115,45173738,9/29/17,2017,Flatliners,Flatliners (2017),0.411764706,Flatliners (2017),Sony,16900000,28300000,45200000,-16885
219,81,21-Oct-16,Iâm Not Ashamed,1500000,2082980,2082980,10/21/16,2016,Iâm Not Ashamed,I'm Not Ashamed,0.176470588,I'm Not Ashamed,PFR,2100000,,,-17020
39,100,25-Dec-15,Point Break,100000000,28782481,126704591,12/25/15,2015,Point Break,Point Break (2015),0.388888889,Point Break (2015),WB,28800000,104900000,133700000,-17519
55,20,22-Sep-17,The Lego Ninjago Movie,70000000,59281555,122737201,9/22/17,2017,The Lego Ninjago Movie,The LEGO Ninjago Movie,0.136363636,The LEGO Ninjago Movie,WB,59300000,63800000,123100000,-18445
0,5,15-Dec-17,Star Wars Ep. VIII: The Last Jedi,317000000,620181382,1316721747,12/15/17,2017,Star Wars Ep. VIII: The Last Jedi,Star Wars: The Last Jedi,0.272727273,Star Wars: The Last Jedi,BV,620200000,712400000,1332600000,-18618
118,36,25-Dec-17,Mollyâs Game,30000000,28780744,53296424,12/25/17,2017,Mollyâs Game,Molly's Game,0.214285714,Molly's Game,STX,28800000,30500000,59300000,-19256
153,94,20-Nov-15,Secret in Their Eyes,20000000,20180155,32608019,11/20/15,2015,Secret in Their Eyes,The Secret in their Eyes (2015),0.387096774,The Secret in their Eyes (2015),STX,20200000,14700000,34900000,-19845
34,26,7-Mar-14,300: Rise of an Empire,110000000,106580051,330780051,3/7/14,2014,300: Rise of an Empire,300: Rise of An Empire,0.045454545,300: Rise of An Empire,WB,106600000,231000000,337600000,-19949
17,40,24-May-13,Fast and Furious 6,160000000,238679850,789300444,5/24/13,2013,Fast and Furious 6,Fast & Furious 6,0.166666667,Fast & Furious 6,Uni.,238700000,550000000,788700000,-20150
97,20,22-Jan-16,Yip Man 3,36000000,2679437,157300954,1/22/16,2016,Yip Man 3,Ip Man 3,0.222222222,Ip Man 3,WGUSA,2700000,154200000,156900000,-20563
156,48,27-Oct-17,Thank You for Your Service,20000000,9479390,9985316,10/27/17,2017,Thank You for Your Service,Thank You for Your Service (2017),0.212121212,Thank You for Your Service (2017),Uni.,9500000,,,-20610
67,17,25-Dec-16,Live by Night,65000000,10378555,21774432,12/25/16,2016,Live by Night,Live By Night,0.076923077,Live By Night,WB,10400000,12300000,22700000,-21445
28,79,3-Aug-12,Total Recall,125000000,58877969,211856088,8/3/12,2012,Total Recall,Total Recall (2012),0.368421053,Total Recall (2012),Sony,58900000,139600000,198500000,-22031
45,77,21-Oct-11,The Three Musketeers,90000000,20377913,139877913,10/21/11,2011,The Three Musketeers,The Three Musketeers (2011),0.259259259,The Three Musketeers (2011),Sum.,20400000,111900000,132300000,-22087
73,75,5-Feb-10,From Paris With Love,52000000,24077427,53139168,2/5/10,2010,From Paris With Love,From Paris with Love,0.05,From Paris with Love,LGF,24100000,28700000,52800000,-22573
116,34,2-Jul-14,Deliver Us from Evil,30000000,30577122,87956618,7/2/14,2014,Deliver Us from Evil,Deliver Us From Evil,0.05,Deliver Us From Evil,SGem,30600000,57400000,88000000,-22878
135,51,5-Aug-15,Shaun the Sheep,25000000,19375982,101925161,8/5/15,2015,Shaun the Sheep,Shaun the Sheep Movie,0.285714286,Shaun the Sheep Movie,LGF,19400000,86800000,106200000,-24018
130,33,26-Apr-13,Pain & Gain,26000000,49875291,81275291,4/26/13,2013,Pain & Gain,Pain and Gain,0.230769231,Pain and Gain,Par.,49900000,36300000,86200000,-24709
99,49,30-Apr-10,A Nightmare on Elm Street,35000000,63075011,117729621,4/30/10,2010,A Nightmare on Elm Street,A Nightmare on Elm Street (2010),0.21875,A Nightmare on Elm Street (2010),WB (NL),63100000,52600000,115700000,-24989
61,24,24-Sep-10,Wall Street 2: Money Never Sleeps,70000000,52474616,137431619,9/24/10,2010,Wall Street 2: Money Never Sleeps,Wall Street: Money Never Sleeps,0.060606061,Wall Street: Money Never Sleeps,Fox,52500000,82300000,134800000,-25384
18,50,23-Mar-18,Pacific Rim: Uprising,155000000,59874525,290930148,3/23/18,2018,Pacific Rim: Uprising,Pacific Rim Uprising,0.047619048,Pacific Rim Uprising,Uni.,59900000,231100000,291000000,-25475
42,44,14-Dec-18,Spider-Man: Into The Spider-Verse 3D,90000000,190173195,375381768,12/14/18,2018,Spider-Man: Into The Spider-Verse 3D,Spider-Man: Into The Spider-Verse,0.083333333,Spider-Man: Into The Spider-Verse,Sony,190200000,185300000,375500000,-26805
201,85,1-Apr-16,Godâs Not Dead 2,5000000,20773069,23551286,4/1/16,2016,Godâs Not Dead 2,God's Not Dead 2,0.166666667,God's Not Dead 2,PFR,20800000,3700000,24500000,-26931
115,32,8-Feb-13,Side Effects,30000000,32172757,66742138,2/8/13,2013,Side Effects,Side Effects (2013),0.368421053,Side Effects (2013),ORF,32200000,31200000,63400000,-27243
174,43,6-Jun-14,The Fault in Our Stars,12000000,124872350,307166834,6/6/14,2014,The Fault in Our Stars,The Fault in our Stars,0.045454545,The Fault in our Stars,Fox,124900000,182300000,307200000,-27650
88,58,25-Dec-18,Holmes & Watson,42000000,30568743,41926605,12/25/18,2018,Holmes & Watson,Holmes and Watson,0.176470588,Holmes and Watson,Sony,30600000,9900000,40500000,-31257
111,65,18-Aug-17,The Hitmanâs Bodyguard,30000000,75468583,172778667,8/18/17,2017,The Hitmanâs Bodyguard,The Hitman's Bodyguard,0.125,The Hitman's Bodyguard,LG/S,75500000,101100000,176600000,-31417
41,17,12-Feb-10,Percy Jackson & the Olympians: The Lightning Thief,95000000,88768303,223050874,2/12/10,2010,Percy Jackson & the Olympians: The Lightning Thief,Percy Jackson & The Olympians: The Lightning Thief,0.02,Percy Jackson & The Olympians: The Lightning Thief,Fox,88800000,137700000,226500000,-31697
176,4,21-Apr-17,Unforgettable,12000000,11368012,16221211,4/21/17,2017,Unforgettable,Unforgettable (2017),0.35,Unforgettable (2017),WB,11400000,6400000,17800000,-31988
30,94,24-Mar-17,Power Rangers,120000000,85364450,142531552,3/24/17,2017,Power Rangers,Power Rangers (2017),0.35,Power Rangers (2017),LGF,85400000,57000000,142400000,-35550
183,43,18-Oct-13,All is Lost,8500000,6263670,10386814,10/18/13,2013,All is Lost,All Is Lost,0.090909091,All Is Lost,RAtt.,6300000,7400000,13700000,-36330
37,40,31-Mar-17,Ghost in the Shell,110000000,40563557,167910690,3/31/17,2017,Ghost in the Shell,Ghost in the Shell (2017),0.28,Ghost in the Shell (2017),Par.,40600000,129199999,169799999,-36443
7,58,17-Dec-10,Tron: Legacy,200000000,172062763,400062763,12/17/10,2010,Tron: Legacy,Tron Legacy,0.083333333,Tron Legacy,BV,172100000,228000000,400100000,-37237
51,28,19-Jul-13,RED 2,84000000,53262560,141507355,7/19/13,2013,RED 2,Red 2,0.4,Red 2,LG/S,53300000,94800000,148100000,-37440
182,90,12-Aug-11,Glee: The 3D Concert Movie,9000000,11862398,17462398,8/12/11,2011,Glee: The 3D Concert Movie,Glee The 3D Concert Movie,0.038461538,Glee The 3D Concert Movie,Fox,11900000,6800000,18700000,-37602
62,46,9-May-14,Legends of Oz: Dorothyâs Return,70000000,8462347,20107933,5/9/14,2014,Legends of Oz: Dorothyâs Return,Legends of Oz: Dorothy's Return,0.090909091,Legends of Oz: Dorothy's Return,CE,8500000,10200000,18700000,-37653
1,6,18-Dec-15,Star Wars Ep. VII: The Force Awakens,306000000,936662225,2053311220,12/18/15,2015,Star Wars Ep. VII: The Force Awakens,Star Wars: The Force Awakens,0.222222222,Star Wars: The Force Awakens,BV,936700000,1131.6,936701131.6,-37775
8,63,28-May-10,Prince of Persia: Sands of Time,200000000,90759676,336359676,5/28/10,2010,Prince of Persia: Sands of Time,Prince of Persia: The Sands of Time,0.114285714,Prince of Persia: The Sands of Time,BV,90800000,245600000,336400000,-40324
12,92,27-Jul-18,Mission: ImpossibleâFallout,178000000,220159104,787456552,7/27/18,2018,Mission: ImpossibleâFallout,Mission: Impossible - Fallout,0.103448276,Mission: Impossible - Fallout,Par.,220200000,571000000,791200000,-40896
66,16,22-Aug-14,Sin City: A Dame to Kill For,65000000,13757804,40650842,8/22/14,2014,Sin City: A Dame to Kill For,Frank Miller's Sin City: A Dame to Kill For,0.348837209,Frank Miller's Sin City: A Dame to Kill For,W/Dim.,13800000,25600000,39400000,-42196
76,24,18-Jul-14,Planes: Fire and Rescue,50000000,59157732,156399644,7/18/14,2014,Planes: Fire and Rescue,Planes: Fire & Rescue,0.130434783,Planes: Fire & Rescue,BV,59200000,92200000,151400000,-42268
74,88,25-Dec-15,Daddyâs Home,50000000,150357137,242757137,12/25/15,2015,Daddyâs Home,Daddy's Home,0.214285714,Daddy's Home,Par.,150400000,92400000,242800000,-42863
223,90,21-Mar-14,Godâs Not Dead,1150000,60755732,63777092,3/21/14,2014,Godâs Not Dead,God's Not Dead,0.1875,God's Not Dead,Free,60800000,3900000,64700000,-44268
128,19,23-Nov-16,Rules Donât Apply,26700000,3652206,3871448,11/23/16,2016,Rules Donât Apply,Rules Don't Apply,0.157894737,Rules Don't Apply,Fox,3700000,233000,3933000,-47794
85,85,14-Feb-13,Beautiful Creatures,50000000,19452138,60282876,2/14/13,2013,Beautiful Creatures,Beautiful Creatures (2013),0.269230769,Beautiful Creatures (2013),WB,19500000,40600000,60100000,-47862
231,48,31-Aug-12,"For a Good Time, Call",850000,1251749,1386088,8/31/12,2012,"For a Good Time, Call","For a Good Time, Call...",0.125,"For a Good Time, Call...",Focus,1300000,,,-48251
79,35,17-Oct-14,The Book of Life,50000000,50151543,97651543,10/17/14,2014,The Book of Life,The Book of Life (2014),0.304347826,The Book of Life (2014),Fox,50200000,49600000,99800000,-48457
40,13,13-Mar-15,Cinderella,95000000,201151353,534551353,3/13/15,2015,Cinderella,Cinderella (2015),0.411764706,Cinderella (2015),BV,201200000,342400000,543600000,-48647
75,8,29-Jul-11,"Crazy, Stupid, Love",50000000,84351197,147142328,7/29/11,2011,"Crazy, Stupid, Love","Crazy, Stupid, Love.",0.05,"Crazy, Stupid, Love.",WB,84400000,58500000,142900000,-48803
21,4,15-Jul-16,Ghostbusters,144000000,128350574,229008658,7/15/16,2016,Ghostbusters,Ghostbusters (2016),0.368421053,Ghostbusters (2016),Sony,128400000,100800000,229200000,-49426
52,41,10-Feb-17,The Lego Batman Movie,80000000,175750384,310660018,2/10/17,2017,The Lego Batman Movie,The LEGO Batman Movie,0.142857143,The LEGO Batman Movie,WB,175800000,136200000,312000000,-49616
180,81,3-May-13,The Iceman,10000000,1930282,3623609,5/3/13,2013,The Iceman,The Iceman (2013),0.411764706,The Iceman (2013),MNE,2000000,,,-69718
200,84,29-Aug-14,"As Above, So Below",5000000,21222315,41824066,8/29/14,2014,"As Above, So Below",As Above/So Below,0.111111111,As Above/So Below,Uni.,21300000,20600000,41900000,-77685
3,27,4-May-12,The Avengers,225000000,623279547,1517935897,5/4/12,2012,The Avengers,Marvel's The Avengers,0.428571429,Marvel's The Avengers,BV,623400000,895500000,1518900000,-120453
6,54,8-Mar-13,Oz the Great and Powerful,200000000,234770996,490359051,3/8/13,2013,Oz the Great and Powerful,Oz The Great and Powerful,0.04,Oz The Great and Powerful,BV,234900000,258399999,493299999,-129004
117,35,1-Aug-14,Get on Up,30000000,30569935,33339868,8/1/14,2014,Get on Up,Get On Up,0.111111111,Get On Up,Uni.,30700000,2700000,33400000,-130065
154,7,31-Mar-17,The Zookeeperâs Wife,20000000,17445186,26308749,3/31/17,2017,The Zookeeperâs Wife,The Zookeeper's Wife,0.136363636,The Zookeeper's Wife,Focus,17600000,8600000,26200000,-154814
103,3,16-Sep-16,Bridget Jonesâs Baby,35000000,24139805,205822688,9/16/16,2016,Bridget Jonesâs Baby,Bridget Jones's Baby,0.136363636,Bridget Jones's Baby,Uni.,24300000,187700000,212000000,-160195
198,79,9-Mar-18,The Strangers: Prey at Night,5000000,24431472,29960051,3/9/18,2018,The Strangers: Prey at Night,Strangers: Prey at Night,0.142857143,Strangers: Prey at Night,Aviron,24600000,,,-168528
132,86,27-Jan-17,A Dogâs Purpose,25000000,64321890,203671625,1/27/17,2017,A Dogâs Purpose,A Dog's Purpose,0.176470588,A Dog's Purpose,Uni.,64500000,140500000,205000000,-178110
181,24,7-Nov-14,Elsa & Fred,10000000,67657,197901,11/7/14,2014,Elsa & Fred,Elsa & Fred (2014),0.388888889,Elsa & Fred (2014),MNE,286000,,,-218343
91,48,30-May-14,A Million Ways to Die in The West,40000000,42720965,86778557,5/30/14,2014,A Million Ways to Die in The West,A Million Ways to Die in the West,0.03030303,A Million Ways to Die in the West,Uni.,43100000,44100000,87200000,-379035
33,10,22-Apr-16,The Huntsman: Winterâs War,115000000,48003015,165149302,4/22/16,2016,The Huntsman: Winterâs War,The Huntsman: Winter's War,0.107142857,The Huntsman: Winter's War,Uni.,48400000,116600000,165000000,-396985