,id,release_date,movie,production_budget,domestic_gross_x,worldwide_gross,date,year,t1,t2,score,title,studio,domestic_gross_y,foreign_gross,world_gross,dg_diff
41,17,"Feb 12, 2010",Percy Jackson & the Olympians: The Lightning Thief,95000000.0,88768303.0,223050874.0,2010-02-12,2010,Percy Jackson & the Olympians: The Lightning Thief,Percy Jackson & The Olympians: The Lightning Thief,0.02,Percy Jackson & The Olympians: The Lightning Thief,Fox,88800000.0,137700000.0,226500000.0,-31697.0
23,57,"Nov 18, 2011","The Twilight Saga: Breaking Dawn, Part 1",127500000.0,281287133.0,689420051.0,2011-11-18,2011,"The Twilight Saga: Breaking Dawn, Part 1",The Twilight Saga: Breaking Dawn Part 1,0.025,The Twilight Saga: Breaking Dawn Part 1,Sum.,281300000.0,430900000.0,712200000.0,-12867.0
22,25,"Nov 16, 2012","The Twilight Saga: Breaking Dawn, Part 2",136200000.0,292324737.0,829724737.0,2012-11-16,2012,"The Twilight Saga: Breaking Dawn, Part 2",The Twilight Saga: Breaking Dawn Part 2,0.025,The Twilight Saga: Breaking Dawn Part 2,LG/S,292300000.0,537400000.0,829700000.0,24737.0
11,85,"Nov 18, 2016",Fantastic Beasts and Where to Find Them,180000000.0,234037575.0,802402853.0,2016-11-18,2016,Fantastic Beasts and Where to Find Them,Fantastic Beasts and Where To Find Them,0.02564102564102564,Fantastic Beasts and Where To Find Them,WB,234000000.0,580000000.0,814000000.0,37575.0
91,48,"May 30, 2014",A Million Ways to Die in The West,40000000.0,42720965.0,86778557.0,2014-05-30,2014,A Million Ways to Die in The West,A Million Ways to Die in the West,0.030303030303030304,A Million Ways to Die in the West,Uni.,43100000.0,44100000.0,87200000.0,-379035.0
108,68,"Sep 5, 2014",Thunder and the House of Magic,34000000.0,4091.0,62582520.0,2014-09-05,2014,Thunder and the House of Magic,Thunder and the House of Magic!,0.03225806451612903,Thunder and the House of Magic!,Shout!,4100.0,64200000.0,64204100.0,-9.0
173,10,"Dec 23, 2011",In The Land of Blood and Honey,13000000.0,303877.0,509193.0,2011-12-23,2011,In The Land of Blood and Honey,In the Land of Blood and Honey,0.03333333333333333,In the Land of Blood and Honey,FD,304000.0,,,-123.0
187,73,"Sep 21, 2012",House at the End of the Street,6900000.0,31611916.0,44103982.0,2012-09-21,2012,House at the End of the Street,House at the End of The Street,0.03333333333333333,House at the End of The Street,Rela.,31600000.0,12700000.0,44300000.0,11916.0
4,49,"May 5, 2017",Guardians of the Galaxy Vol 2,200000000.0,389813101.0,862316233.0,2017-05-05,2017,Guardians of the Galaxy Vol 2,Guardians of the Galaxy Vol. 2,0.03333333333333333,Guardians of the Galaxy Vol. 2,BV,389800000.0,473900000.0,863700000.0,13101.0
137,77,"Dec 21, 2012",Cirque du Soleil: Worlds Away,25000000.0,12512862.0,28012862.0,2012-12-21,2012,Cirque du Soleil: Worlds Away,Cirque Du Soleil: Worlds Away,0.034482758620689655,Cirque Du Soleil: Worlds Away,Par.,12500000.0,21600000.0,34100000.0,12862.0
121,79,"Apr 29, 2011",Hoodwinked Too: Hood vs. Evil,30000000.0,10143779.0,23353111.0,2011-04-29,2011,Hoodwinked Too: Hood vs. Evil,Hoodwinked Too! Hood vs. Evil,0.034482758620689655,Hoodwinked Too! Hood vs. Evil,Wein.,10100000.0,6800000.0,16900000.0,43779.0
50,22,"Aug 13, 2010",Scott Pilgrim vs. The World,85000000.0,31611316.0,48056764.0,2010-08-13,2010,Scott Pilgrim vs. The World,Scott Pilgrim vs. the World,0.037037037037037035,Scott Pilgrim vs. the World,Uni.,31500000.0,16100000.0,47600000.0,111316.0
182,90,"Aug 12, 2011",Glee: The 3D Concert Movie,9000000.0,11862398.0,17462398.0,2011-08-12,2011,Glee: The 3D Concert Movie,Glee The 3D Concert Movie,0.038461538461538464,Glee The 3D Concert Movie,Fox,11900000.0,6800000.0,18700000.0,-37602.0
6,54,"Mar 8, 2013",Oz the Great and Powerful,200000000.0,234770996.0,490359051.0,2013-03-08,2013,Oz the Great and Powerful,Oz The Great and Powerful,0.04,Oz The Great and Powerful,BV,234900000.0,258399999.0,493299999.0,-129004.0
14,3,"Nov 21, 2018",Ralph Breaks The Internet,175000000.0,201091711.0,524283695.0,2018-11-21,2018,Ralph Breaks The Internet,Ralph Breaks the Internet,0.04,Ralph Breaks the Internet,BV,201100000.0,328100000.0,529200000.0,-8289.0
204,66,"Sep 26, 2014",Jimi: All is By My Side,5000000.0,340911.0,927074.0,2014-09-26,2014,Jimi: All is By My Side,Jimi: All Is By My Side,0.043478260869565216,Jimi: All Is By My Side,XL,341000.0,,,-89.0
178,75,"Apr 28, 2017",How to Be a Latin Lover,10000000.0,32149404.0,62556228.0,2017-04-28,2017,How to Be a Latin Lover,How to be a Latin Lover,0.043478260869565216,How to be a Latin Lover,PNT,32100000.0,29700000.0,61800000.0,49404.0
174,43,"Jun 6, 2014",The Fault in Our Stars,12000000.0,124872350.0,307166834.0,2014-06-06,2014,The Fault in Our Stars,The Fault in our Stars,0.045454545454545456,The Fault in our Stars,Fox,124900000.0,182300000.0,307200000.0,-27650.0
34,26,"Mar 7, 2014",300: Rise of an Empire,110000000.0,106580051.0,330780051.0,2014-03-07,2014,300: Rise of an Empire,300: Rise of An Empire,0.045454545454545456,300: Rise of An Empire,WB,106600000.0,231000000.0,337600000.0,-19949.0
205,69,"Sep 30, 2011",Tucker & Dale vs. Evil,5000000.0,223838.0,5476793.0,2011-09-30,2011,Tucker & Dale vs. Evil,Tucker & Dale Vs. Evil,0.045454545454545456,Tucker & Dale Vs. Evil,Magn.,224000.0,4500000.0,4724000.0,-162.0
72,9,"Jun 17, 2011",Mr. Poppers's Penguins,55000000.0,68224452.0,189624452.0,2011-06-17,2011,Mr. Poppers's Penguins,Mr. Popper's Penguins,0.045454545454545456,Mr. Popper's Penguins,Fox,68200000.0,119100000.0,187300000.0,24452.0
25,64,"Nov 19, 2010",Harry Potter and the Deathly Hallows: Part I,125000000.0,296131568.0,960431568.0,2010-11-19,2010,Harry Potter and the Deathly Hallows: Part I,Harry Potter and the Deathly Hallows Part 1,0.045454545454545456,Harry Potter and the Deathly Hallows Part 1,WB,296000000.0,664300000.0,960300000.0,131568.0
18,50,"Mar 23, 2018",Pacific Rim: Uprising,155000000.0,59874525.0,290930148.0,2018-03-23,2018,Pacific Rim: Uprising,Pacific Rim Uprising,0.047619047619047616,Pacific Rim Uprising,Uni.,59900000.0,231100000.0,291000000.0,-25475.0
60,19,"Jan 20, 2012",Underworld: Awakening,70000000.0,62321039.0,160379930.0,2012-01-20,2012,Underworld: Awakening,Underworld Awakening,0.047619047619047616,Underworld Awakening,SGem,62300000.0,97800000.0,160100000.0,21039.0
75,8,"Jul 29, 2011","Crazy, Stupid, Love",50000000.0,84351197.0,147142328.0,2011-07-29,2011,"Crazy, Stupid, Love","Crazy, Stupid, Love.",0.05,"Crazy, Stupid, Love.",WB,84400000.0,58500000.0,142900000.0,-48803.0
116,34,"Jul 2, 2014",Deliver Us from Evil,30000000.0,30577122.0,87956618.0,2014-07-02,2014,Deliver Us from Evil,Deliver Us From Evil,0.05,Deliver Us From Evil,SGem,30600000.0,57400000.0,88000000.0,-22878.0
73,75,"Feb 5, 2010",From Paris With Love,52000000.0,24077427.0,53139168.0,2010-02-05,2010,From Paris With Love,From Paris with Love,0.05,From Paris with Love,LGF,24100000.0,28700000.0,52800000.0,-22573.0
143,49,"Oct 31, 2014",Before I Go to Sleep,22000000.0,3242457.0,19563579.0,2014-10-31,2014,Before I Go to Sleep,Before I Go To Sleep,0.05,Before I Go To Sleep,CE,3200000.0,12200000.0,15400000.0,42457.0
225,37,"Jun 14, 2013",20 Feet From Stardom,1000000.0,4946250.0,5892466.0,2013-06-14,2013,20 Feet From Stardom,20 Feet from Stardom,0.05,20 Feet from Stardom,RTWC,4900000.0,,,46250.0
214,33,"May 6, 2011",Hobo with a Shotgun,3000000.0,703372.0,834953.0,2011-05-06,2011,Hobo with a Shotgun,Hobo With a Shotgun,0.05263157894736842,Hobo With a Shotgun,Magn.,703000.0,,,372.0
224,32,"Feb 3, 2017",I Am Not Your Negro,1000000.0,7123919.0,9617402.0,2017-02-03,2017,I Am Not Your Negro,I am Not Your Negro,0.05263157894736842,I am Not Your Negro,Magn.,7100000.0,,,23919.0
202,4,"Jun 9, 2017",It Comes at Night,5000000.0,13985117.0,19720203.0,2017-06-09,2017,It Comes at Night,It Comes At Night,0.058823529411764705,It Comes At Night,A24,14000000.0,5300000.0,19300000.0,-14883.0
199,83,"Jul 5, 2013",The Way Way Back,5000000.0,21502690.0,26853810.0,2013-07-05,2013,The Way Way Back,"The Way, Way Back",0.058823529411764705,"The Way, Way Back",FoxS,21500000.0,1700000.0,23200000.0,2690.0
89,59,"Jan 27, 2012",One for the Money,42000000.0,26414527.0,36197221.0,2012-01-27,2012,One for the Money,One For the Money,0.058823529411764705,One For the Money,LGF,26400000.0,10500000.0,36900000.0,14527.0
61,24,"Sep 24, 2010",Wall Street 2: Money Never Sleeps,70000000.0,52474616.0,137431619.0,2010-09-24,2010,Wall Street 2: Money Never Sleeps,Wall Street: Money Never Sleeps,0.06060606060606061,Wall Street: Money Never Sleeps,Fox,52500000.0,82300000.0,134800000.0,-25384.0
101,75,"Apr 23, 2010",The Back-up Plan,35000000.0,37490007.0,75281179.0,2010-04-23,2010,The Back-up Plan,The Back-Up Plan,0.0625,The Back-Up Plan,CBS,37500000.0,40000000.0,77500000.0,-9993.0
185,70,"Apr 13, 2018",Borg vs McEnroe,7500000.0,231346.0,3257922.0,2018-04-13,2018,Borg vs McEnroe,Borg vs. McEnroe,0.0625,Borg vs. McEnroe,Neon,231000.0,,,346.0
78,28,"Feb 18, 2011",I am Number Four,50000000.0,55100437.0,146195159.0,2011-02-18,2011,I am Number Four,I Am Number Four,0.0625,I Am Number Four,BV,55100000.0,94800000.0,149900000.0,437.0
31,1,"Dec 17, 2010",How Do You Know?,120000000.0,30212620.0,49628177.0,2010-12-17,2010,How Do You Know?,How Do You Know,0.0625,How Do You Know,Sony,30200000.0,18500000.0,48700000.0,12620.0
95,98,"Feb 12, 2016",How to be Single,37000000.0,46843513.0,100003780.0,2016-02-12,2016,How to be Single,How to Be Single,0.0625,How to Be Single,WB (NL),46800000.0,65500000.0,112300000.0,43513.0
167,28,"Oct 23, 2015",Rock the Kasbah,15000000.0,3020665.0,3386153.0,2015-10-23,2015,Rock the Kasbah,Rock The Kasbah,0.06666666666666667,Rock The Kasbah,ORF,3000000.0,,,20665.0
36,30,"Sep 30, 2016",Miss Peregrineâs Home for Peculiar Children,110000000.0,87242834.0,295986876.0,2016-09-30,2016,Miss Peregrineâs Home for Peculiar Children,Miss Peregrine's Home for Peculiar Children,0.06666666666666667,Miss Peregrine's Home for Peculiar Children,Fox,87200000.0,209200000.0,296400000.0,42834.0
24,61,"Jul 15, 2011",Harry Potter and the Deathly Hallows: Part II,125000000.0,381193157.0,1341693157.0,2011-07-15,2011,Harry Potter and the Deathly Hallows: Part II,Harry Potter and the Deathly Hallows Part 2,0.06666666666666667,Harry Potter and the Deathly Hallows Part 2,WB,381000000.0,960500000.0,1341500000.0,193157.0
218,77,"Jul 26, 2013",The To Do List,1500000.0,3491669.0,4128828.0,2013-07-26,2013,The To Do List,The To-Do List,0.07142857142857142,The To-Do List,CBS,3500000.0,74600.0,3574600.0,-8331.0
81,40,"Aug 8, 2014",Into the Storm,50000000.0,47602194.0,150429371.0,2014-08-08,2014,Into the Storm,Into The Storm,0.07142857142857142,Into The Storm,WB (NL),47600000.0,114100000.0,161700000.0,2194.0
94,75,"Oct 20, 2017",Only the Brave,38000000.0,18340051.0,24555177.0,2017-10-20,2017,Only the Brave,Only The Brave,0.07142857142857142,Only The Brave,Sony,18300000.0,7400000.0,25700000.0,40051.0
149,31,"Oct 20, 2017",Tyler Perryâs Boo 2! A Madea Halloween,20000000.0,47319572.0,47879572.0,2017-10-20,2017,Tyler Perryâs Boo 2! A Madea Halloween,Tyler Perry's Boo 2! A Madea Halloween,0.075,Tyler Perry's Boo 2! A Madea Halloween,LGF,47300000.0,1000000.0,48300000.0,19572.0
67,17,"Dec 25, 2016",Live by Night,65000000.0,10378555.0,21774432.0,2016-12-25,2016,Live by Night,Live By Night,0.07692307692307693,Live By Night,WB,10400000.0,12300000.0,22700000.0,-21445.0
150,61,"Apr 12, 2013",Scary Movie V,20000000.0,32015787.0,78613981.0,2013-04-12,2013,Scary Movie V,Scary Movie 5,0.07692307692307693,Scary Movie 5,W/Dim.,32000000.0,46400000.0,78400000.0,15787.0
110,10,"Oct 12, 2018",Bad Times at the El Royale,32000000.0,17839115.0,29204379.0,2018-10-12,2018,Bad Times at the El Royale,Bad Times At The El Royale,0.07692307692307693,Bad Times At The El Royale,Fox,17800000.0,14000000.0,31800000.0,39115.0
7,58,"Dec 17, 2010",Tron: Legacy,200000000.0,172062763.0,400062763.0,2010-12-17,2010,Tron: Legacy,Tron Legacy,0.08333333333333333,Tron Legacy,BV,172100000.0,228000000.0,400100000.0,-37237.0
42,44,"Dec 14, 2018",Spider-Man: Into The Spider-Verse 3D,90000000.0,190173195.0,375381768.0,2018-12-14,2018,Spider-Man: Into The Spider-Verse 3D,Spider-Man: Into The Spider-Verse,0.08333333333333333,Spider-Man: Into The Spider-Verse,Sony,190200000.0,185300000.0,375500000.0,-26805.0
20,98,"Dec 16, 2011",Mission: ImpossibleâGhost Protocol,145000000.0,209397903.0,694713230.0,2011-12-16,2011,Mission: ImpossibleâGhost Protocol,Mission: Impossible - Ghost Protocol,0.08333333333333333,Mission: Impossible - Ghost Protocol,Par.,209400000.0,485300000.0,694700000.0,-2097.0
109,82,"Jul 31, 2015",The Young and Prodigious T.S. Spivet,33000000.0,176847.0,357687.0,2015-07-31,2015,The Young and Prodigious T.S. Spivet,The Young & Prodigious T.S. Spivet,0.08333333333333333,The Young & Prodigious T.S. Spivet,Wein.,174000.0,9300000.0,9474000.0,2847.0
215,44,"Mar 2, 2012",Tim and Eric's Billion Dollar Movie,3000000.0,201436.0,223652.0,2012-03-02,2012,Tim and Eric's Billion Dollar Movie,Tim & Eric's Billion Dollar Movie,0.08571428571428572,Tim & Eric's Billion Dollar Movie,Magn.,201000.0,,,436.0
92,70,"Dec 25, 2011",Extremely Loud and Incredibly Close,40000000.0,31847881.0,55247881.0,2011-12-25,2011,Extremely Loud and Incredibly Close,Extremely Loud & Incredibly Close,0.08571428571428572,Extremely Loud & Incredibly Close,WB,31800000.0,23400000.0,55200000.0,47881.0
19,68,"Jul 31, 2015",Mission: ImpossibleâRogue Nation,150000000.0,195042377.0,688858992.0,2015-07-31,2015,Mission: ImpossibleâRogue Nation,Mission: Impossible - Rogue Nation,0.08823529411764706,Mission: Impossible - Rogue Nation,Par.,195000000.0,487700000.0,682700000.0,42377.0
62,46,"May 9, 2014",Legends of Oz: Dorothyâs Return,70000000.0,8462347.0,20107933.0,2014-05-09,2014,Legends of Oz: Dorothyâs Return,Legends of Oz: Dorothy's Return,0.09090909090909091,Legends of Oz: Dorothy's Return,CE,8500000.0,10200000.0,18700000.0,-37653.0
183,43,"Oct 18, 2013",All is Lost,8500000.0,6263670.0,10386814.0,2013-10-18,2013,All is Lost,All Is Lost,0.09090909090909091,All Is Lost,RAtt.,6300000.0,7400000.0,13700000.0,-36330.0
112,9,"Aug 6, 2010",Step Up 3D,30000000.0,42400223.0,165889117.0,2010-08-06,2010,Step Up 3D,Step Up 3-D,0.09090909090909091,Step Up 3-D,BV,42400000.0,116900000.0,159300000.0,223.0
179,69,"Mar 30, 2016",Everybody Wants Some,10000000.0,3400278.0,5437126.0,2016-03-30,2016,Everybody Wants Some,Everybody Wants Some!!,0.09090909090909091,Everybody Wants Some!!,Par.,3400000.0,,,278.0
146,98,"Oct 15, 2010",Jackass 3D,20000000.0,117229692.0,171685793.0,2010-10-15,2010,Jackass 3D,Jackass 3-D,0.09090909090909091,Jackass 3-D,Par.,117200000.0,54500000.0,171700000.0,29692.0
93,30,"Nov 11, 2016",Billy Lynnâs Long Halftime Walk,40000000.0,1738477.0,30230402.0,2016-11-11,2016,Billy Lynnâs Long Halftime Walk,Billy Lynn's Long Halftime Walk,0.09090909090909091,Billy Lynn's Long Halftime Walk,TriS,1700000.0,29200000.0,30900000.0,38477.0
77,27,"Jan 25, 2013",Hansel & Gretel: Witch Hunters,50000000.0,55703475.0,214949716.0,2013-01-25,2013,Hansel & Gretel: Witch Hunters,Hansel and Gretel: Witch Hunters,0.09375,Hansel and Gretel: Witch Hunters,Par.,55700000.0,170600000.0,226300000.0,3475.0
98,45,"Dec 21, 2012",This is 40,35000000.0,67544505.0,90221182.0,2012-12-21,2012,This is 40,This Is 40,0.1,This Is 40,Uni.,67500000.0,20500000.0,88000000.0,44505.0
12,92,"Jul 27, 2018",Mission: ImpossibleâFallout,178000000.0,220159104.0,787456552.0,2018-07-27,2018,Mission: ImpossibleâFallout,Mission: Impossible - Fallout,0.10344827586206896,Mission: Impossible - Fallout,Par.,220200000.0,571000000.0,791200000.0,-40896.0
33,10,"Apr 22, 2016",The Huntsman: Winterâs War,115000000.0,48003015.0,165149302.0,2016-04-22,2016,The Huntsman: Winterâs War,The Huntsman: Winter's War,0.10714285714285714,The Huntsman: Winter's War,Uni.,48400000.0,116600000.0,165000000.0,-396985.0
145,72,"Dec 9, 2011",Tinker Tailor Soldier Spy,21000000.0,24149393.0,81452811.0,2011-12-09,2011,Tinker Tailor Soldier Spy,"Tinker, Tailor, Soldier, Spy",0.10714285714285714,"Tinker, Tailor, Soldier, Spy",Focus,24100000.0,56500000.0,80600000.0,49393.0
117,35,"Aug 1, 2014",Get on Up,30000000.0,30569935.0,33339868.0,2014-08-01,2014,Get on Up,Get On Up,0.1111111111111111,Get On Up,Uni.,30700000.0,2700000.0,33400000.0,-130065.0
200,84,"Aug 29, 2014","As Above, So Below",5000000.0,21222315.0,41824066.0,2014-08-29,2014,"As Above, So Below",As Above/So Below,0.1111111111111111,As Above/So Below,Uni.,21300000.0,20600000.0,41900000.0,-77685.0
8,63,"May 28, 2010",Prince of Persia: Sands of Time,200000000.0,90759676.0,336359676.0,2010-05-28,2010,Prince of Persia: Sands of Time,Prince of Persia: The Sands of Time,0.11428571428571428,Prince of Persia: The Sands of Time,BV,90800000.0,245600000.0,336400000.0,-40324.0
90,16,"Sep 21, 2018",The House with a Clock in its Walls,40000000.0,68549695.0,126331750.0,2018-09-21,2018,The House with a Clock in its Walls,The House With A Clock In Its Walls,0.11428571428571428,The House With A Clock In Its Walls,Uni.,68500000.0,62900000.0,131400000.0,49695.0
231,48,"Aug 31, 2012","For a Good Time, Call",850000.0,1251749.0,1386088.0,2012-08-31,2012,"For a Good Time, Call","For a Good Time, Call...",0.125,"For a Good Time, Call...",Focus,1300000.0,,,-48251.0
111,65,"Aug 18, 2017",The Hitmanâs Bodyguard,30000000.0,75468583.0,172778667.0,2017-08-18,2017,The Hitmanâs Bodyguard,The Hitman's Bodyguard,0.125,The Hitman's Bodyguard,LG/S,75500000.0,101100000.0,176600000.0,-31417.0
192,53,"Mar 16, 2012",Casa de mi Padre,6000000.0,5909483.0,8446952.0,2012-03-16,2012,Casa de mi Padre,Casa De Mi Padre,0.125,Casa De Mi Padre,LGF,5900000.0,2100000.0,8000000.0,9483.0
76,24,"Jul 18, 2014",Planes: Fire and Rescue,50000000.0,59157732.0,156399644.0,2014-07-18,2014,Planes: Fire and Rescue,Planes: Fire & Rescue,0.13043478260869565,Planes: Fire & Rescue,BV,59200000.0,92200000.0,151400000.0,-42268.0
165,76,"Oct 1, 2014","Men, Women and Children",16000000.0,705908.0,1685403.0,2014-10-01,2014,"Men, Women and Children","Men, Women & Children",0.13043478260869565,"Men, Women & Children",Par.,706000.0,1500000.0,2206000.0,-92.0
49,15,"Jan 20, 2017",xXx: Return of Xander Cage,85000000.0,44898413.0,345033359.0,2017-01-20,2017,xXx: Return of Xander Cage,xXx: The Return of Xander Cage,0.13333333333333333,xXx: The Return of Xander Cage,Par.,44900000.0,301200000.0,346100000.0,-1587.0
103,3,"Sep 16, 2016",Bridget Jonesâs Baby,35000000.0,24139805.0,205822688.0,2016-09-16,2016,Bridget Jonesâs Baby,Bridget Jones's Baby,0.13636363636363635,Bridget Jones's Baby,Uni.,24300000.0,187700000.0,212000000.0,-160195.0
154,7,"Mar 31, 2017",The Zookeeperâs Wife,20000000.0,17445186.0,26308749.0,2017-03-31,2017,The Zookeeperâs Wife,The Zookeeper's Wife,0.13636363636363635,The Zookeeper's Wife,Focus,17600000.0,8600000.0,26200000.0,-154814.0
55,20,"Sep 22, 2017",The Lego Ninjago Movie,70000000.0,59281555.0,122737201.0,2017-09-22,2017,The Lego Ninjago Movie,The LEGO Ninjago Movie,0.13636363636363635,The LEGO Ninjago Movie,WB,59300000.0,63800000.0,123100000.0,-18445.0
198,79,"Mar 9, 2018",The Strangers: Prey at Night,5000000.0,24431472.0,29960051.0,2018-03-09,2018,The Strangers: Prey at Night,Strangers: Prey at Night,0.14285714285714285,Strangers: Prey at Night,Aviron,24600000.0,,,-168528.0
52,41,"Feb 10, 2017",The Lego Batman Movie,80000000.0,175750384.0,310660018.0,2017-02-10,2017,The Lego Batman Movie,The LEGO Batman Movie,0.14285714285714285,The LEGO Batman Movie,WB,175800000.0,136200000.0,312000000.0,-49616.0
128,19,"Nov 23, 2016",Rules Donât Apply,26700000.0,3652206.0,3871448.0,2016-11-23,2016,Rules Donât Apply,Rules Don't Apply,0.15789473684210525,Rules Don't Apply,Fox,3700000.0,233000.0,3933000.0,-47794.0
166,97,"Nov 26, 2010",The Kingâs Speech,15000000.0,138797449.0,430821168.0,2010-11-26,2010,The Kingâs Speech,The King's Speech,0.15789473684210525,The King's Speech,Wein.,135500000.0,275400000.0,410900000.0,3297449.0
201,85,"Apr 1, 2016",Godâs Not Dead 2,5000000.0,20773069.0,23551286.0,2016-04-01,2016,Godâs Not Dead 2,God's Not Dead 2,0.16666666666666666,God's Not Dead 2,PFR,20800000.0,3700000.0,24500000.0,-26931.0
17,40,"May 24, 2013",Fast and Furious 6,160000000.0,238679850.0,789300444.0,2013-05-24,2013,Fast and Furious 6,Fast & Furious 6,0.16666666666666666,Fast & Furious 6,Uni.,238700000.0,550000000.0,788700000.0,-20150.0
188,82,"May 21, 2010",Perrierâs Bounty,6600000.0,828.0,828.0,2010-05-21,2010,Perrierâs Bounty,Perrier's Bounty,0.16666666666666666,Perrier's Bounty,IFC,800.0,167000.0,167800.0,28.0
207,18,"Sep 14, 2012",Barfi,4600000.0,2804874.0,36751984.0,2012-09-14,2012,Barfi,Barfi!,0.16666666666666666,Barfi!,UTV,2800000.0,,,4874.0
151,80,"Sep 17, 2010",Alpha and Omega 3D,20000000.0,25107267.0,48958353.0,2010-09-17,2010,Alpha and Omega 3D,Alpha and Omega,0.16666666666666666,Alpha and Omega,LGF,25100000.0,25400000.0,50500000.0,7267.0
29,80,"Dec 21, 2016",Assassinâs Creed,125000000.0,54647948.0,240759682.0,2016-12-21,2016,Assassinâs Creed,Assassin's Creed,0.16666666666666666,Assassin's Creed,Fox,54600000.0,186300000.0,240900000.0,47948.0
15,34,"Jul 29, 2011",Cowboys and Aliens,163000000.0,100368560.0,176038324.0,2011-07-29,2011,Cowboys and Aliens,Cowboys & Aliens,0.16666666666666666,Cowboys & Aliens,Uni.,100200000.0,74600000.0,174800000.0,168560.0
132,86,"Jan 27, 2017",A Dogâs Purpose,25000000.0,64321890.0,203671625.0,2017-01-27,2017,A Dogâs Purpose,A Dog's Purpose,0.17647058823529413,A Dog's Purpose,Uni.,64500000.0,140500000.0,205000000.0,-178110.0
88,58,"Dec 25, 2018",Holmes & Watson,42000000.0,30568743.0,41926605.0,2018-12-25,2018,Holmes & Watson,Holmes and Watson,0.17647058823529413,Holmes and Watson,Sony,30600000.0,9900000.0,40500000.0,-31257.0
219,81,"Oct 21, 2016",Iâm Not Ashamed,1500000.0,2082980.0,2082980.0,2016-10-21,2016,Iâm Not Ashamed,I'm Not Ashamed,0.17647058823529413,I'm Not Ashamed,PFR,2100000.0,,,-17020.0
157,52,"Apr 29, 2016",Ratchet and Clank,20000000.0,8813410.0,14365639.0,2016-04-29,2016,Ratchet and Clank,Ratchet & Clank,0.17647058823529413,Ratchet & Clank,Focus,8800000.0,,,13410.0
203,20,"May 9, 2014",Momsâ Night Out,5000000.0,10429707.0,10537341.0,2014-05-09,2014,Momsâ Night Out,Moms' Night Out,0.17647058823529413,Moms' Night Out,TriS,10400000.0,,,29707.0
223,90,"Mar 21, 2014",Godâs Not Dead,1150000.0,60755732.0,63777092.0,2014-03-21,2014,Godâs Not Dead,God's Not Dead,0.1875,God's Not Dead,Free,60800000.0,3900000.0,64700000.0,-44268.0
59,5,"Nov 10, 2017",Daddyâs Home 2,70000000.0,104029443.0,175807183.0,2017-11-10,2017,Daddyâs Home 2,Daddy's Home 2,0.1875,Daddy's Home 2,Par.,104000000.0,76600000.0,180600000.0,29443.0
129,31,"Dec 9, 2011",New Yearâs Eve,26000000.0,54544638.0,146850273.0,2011-12-09,2011,New Yearâs Eve,New Year's Eve,0.1875,New Year's Eve,WB (NL),54500000.0,87500000.0,142000000.0,44638.0
163,69,"Aug 13, 2014",Letâs Be Cops,17000000.0,82390774.0,136890774.0,2014-08-13,2014,Letâs Be Cops,Let's Be Cops,0.2,Let's Be Cops,Fox,82400000.0,55800000.0,138200000.0,-9226.0
136,53,"Mar 24, 2017",CHiPS,25000000.0,18600152.0,23190292.0,2017-03-24,2017,CHiPS,CHiPs,0.2,CHiPs,WB,18600000.0,8199999.0,26799999.0,152.0
70,43,"Feb 14, 2014",Winterâs Tale,60000000.0,12600231.0,29575033.0,2014-02-14,2014,Winterâs Tale,Winter's Tale,0.2,Winter's Tale,WB,12600000.0,18500000.0,31100000.0,231.0
26,68,"Aug 8, 2014",Teenage Mutant Ninja Turtles,125000000.0,191204754.0,485004754.0,2014-08-08,2014,Teenage Mutant Ninja Turtles,Teenage Mutant Ninja Turtles (2014),0.2,Teenage Mutant Ninja Turtles (2014),Par.,191200000.0,302100000.0,493300000.0,4754.0
158,38,"Nov 2, 2018",Nobodyâs Fool,19000000.0,31713110.0,32589493.0,2018-11-02,2018,Nobodyâs Fool,Nobody's Fool,0.2,Nobody's Fool,Par.,31700000.0,1800000.0,33500000.0,13110.0
177,39,"Aug 26, 2016",Donât Breathe,10000000.0,89217875.0,158973685.0,2016-08-26,2016,Donât Breathe,Don't Breathe,0.2,Don't Breathe,SGem,89200000.0,67900000.0,157100000.0,17875.0
71,95,"Nov 10, 2017",Murder on the Orient Express,55000000.0,102826543.0,345922730.0,2017-11-10,2017,Murder on the Orient Express,Murder on the Orient Express (2017),0.2,Murder on the Orient Express (2017),Fox,102800000.0,250000000.0,352800000.0,26543.0
156,48,"Oct 27, 2017",Thank You for Your Service,20000000.0,9479390.0,9985316.0,2017-10-27,2017,Thank You for Your Service,Thank You for Your Service (2017),0.21212121212121213,Thank You for Your Service (2017),Uni.,9500000.0,,,-20610.0
74,88,"Dec 25, 2015",Daddyâs Home,50000000.0,150357137.0,242757137.0,2015-12-25,2015,Daddyâs Home,Daddy's Home,0.21428571428571427,Daddy's Home,Par.,150400000.0,92400000.0,242800000.0,-42863.0
118,36,"Dec 25, 2017",Mollyâs Game,30000000.0,28780744.0,53296424.0,2017-12-25,2017,Mollyâs Game,Molly's Game,0.21428571428571427,Molly's Game,STX,28800000.0,30500000.0,59300000.0,-19256.0
68,44,"Feb 7, 2014",The Lego Movie,60000000.0,257784718.0,457729388.0,2014-02-07,2014,The Lego Movie,The LEGO Movie,0.21428571428571427,The LEGO Movie,WB,257800000.0,211400000.0,469200000.0,-15282.0
134,27,"Apr 29, 2016",Motherâs Day,25000000.0,32492859.0,52367022.0,2016-04-29,2016,Motherâs Day,Mother's Day,0.21428571428571427,Mother's Day,ORF,32500000.0,15900000.0,48400000.0,-7141.0
32,2,"Jun 23, 2010",Knight and Day,117000000.0,76423035.0,258751370.0,2010-06-23,2010,Knight and Day,Knight & Day,0.21428571428571427,Knight & Day,Fox,76400000.0,185500000.0,261900000.0,23035.0
63,63,"Mar 2, 2012",Doctor Seuss' The Lorax,67500000.0,214030500.0,350976753.0,2012-03-02,2012,Doctor Seuss' The Lorax,Dr. Seuss' The Lorax,0.21739130434782608,Dr. Seuss' The Lorax,Uni.,214000000.0,134800000.0,348800000.0,30500.0
99,49,"Apr 30, 2010",A Nightmare on Elm Street,35000000.0,63075011.0,117729621.0,2010-04-30,2010,A Nightmare on Elm Street,A Nightmare on Elm Street (2010),0.21875,A Nightmare on Elm Street (2010),WB (NL),63100000.0,52600000.0,115700000.0,-24989.0
1,6,"Dec 18, 2015",Star Wars Ep. VII: The Force Awakens,306000000.0,936662225.0,2053311220.0,2015-12-18,2015,Star Wars Ep. VII: The Force Awakens,Star Wars: The Force Awakens,0.2222222222222222,Star Wars: The Force Awakens,BV,936700000.0,1131.6,936701131.6,-37775.0
97,20,"Jan 22, 2016",Yip Man 3,36000000.0,2679437.0,157300954.0,2016-01-22,2016,Yip Man 3,Ip Man 3,0.2222222222222222,Ip Man 3,WGUSA,2700000.0,154200000.0,156900000.0,-20563.0
227,66,"Jul 19, 2013",The Act of Killing,1000000.0,486919.0,1227316.0,2013-07-19,2013,The Act of Killing,Act of Killing,0.2222222222222222,Act of Killing,Drft.,487000.0,,,-81.0
175,61,"May 4, 2018",Overboard,12000000.0,50316123.0,85369830.0,2018-05-04,2018,Overboard,Overlord,0.2222222222222222,Overlord,Par.,21700000.0,20000000.0,41700000.0,28616123.0
130,33,"Apr 26, 2013",Pain & Gain,26000000.0,49875291.0,81275291.0,2013-04-26,2013,Pain & Gain,Pain and Gain,0.23076923076923078,Pain and Gain,Par.,49900000.0,36300000.0,86200000.0,-24709.0
65,83,"Jun 5, 2015",Spy!,65000000.0,110825712.0,232585748.0,2015-06-05,2015,Spy!,Spy,0.25,Spy,Fox,110800000.0,124800000.0,235600000.0,25712.0
43,55,"Sep 23, 2016",The Magnificent Seven,90000000.0,93432655.0,162525156.0,2016-09-23,2016,The Magnificent Seven,The Magnificent Seven (2016),0.25,The Magnificent Seven (2016),Sony,93400000.0,68900000.0,162300000.0,32655.0
83,68,"Mar 29, 2013",The Host,50000000.0,26623701.0,64477051.0,2013-03-29,2013,The Host,The Past,0.25,The Past,SPC,1300000.0,9300000.0,10600000.0,25323701.0
82,68,"Mar 29, 2013",The Host,50000000.0,26623701.0,64477051.0,2013-03-29,2013,The Host,The Hunt,0.25,The Hunt,Magn.,613000.0,,,26010701.0
106,63,"Aug 7, 2015",The Gift,5000000.0,43787265.0,58978477.0,2015-08-07,2015,The Gift,The Loft,0.25,The Loft,ORF,6000000.0,4099999.0,10099999.0,37787265.0
45,77,"Oct 21, 2011",The Three Musketeers,90000000.0,20377913.0,139877913.0,2011-10-21,2011,The Three Musketeers,The Three Musketeers (2011),0.25925925925925924,The Three Musketeers (2011),Sum.,20400000.0,111900000.0,132300000.0,-22087.0
16,35,"Mar 17, 2017",Beauty and the Beast,160000000.0,504014165.0,1259199706.0,2017-03-17,2017,Beauty and the Beast,Beauty and the Beast (2017),0.25925925925925924,Beauty and the Beast (2017),BV,504000000.0,759500000.0,1263500000.0,14165.0
85,85,"Feb 14, 2013",Beautiful Creatures,50000000.0,19452138.0,60282876.0,2013-02-14,2013,Beautiful Creatures,Beautiful Creatures (2013),0.2692307692307692,Beautiful Creatures (2013),WB,19500000.0,40600000.0,60100000.0,-47862.0
5,51,"Mar 5, 2010",Alice in Wonderland,200000000.0,334191110.0,1025491110.0,2010-03-05,2010,Alice in Wonderland,Alice in Wonderland (2010),0.2692307692307692,Alice in Wonderland (2010),BV,334200000.0,691300000.0,1025500000.0,-8890.0
44,76,"Aug 19, 2011",Conan the Barbarian,90000000.0,21295021.0,63356133.0,2011-08-19,2011,Conan the Barbarian,Conan the Barbarian (2011),0.2692307692307692,Conan the Barbarian (2011),LGF,21300000.0,27500000.0,48800000.0,-4979.0
27,72,"Apr 1, 2010",Clash of the Titans,125000000.0,163214888.0,493214888.0,2010-04-01,2010,Clash of the Titans,Clash of the Titans (2010),0.2692307692307692,Clash of the Titans (2010),WB,163200000.0,330000000.0,493200000.0,14888.0
104,56,"Mar 13, 2015",The Lovers,35000000.0,0.0,53899.0,2015-03-13,2015,The Lovers,The Wonders,0.2727272727272727,The Wonders,Osci.,73400.0,,,-73400.0
0,5,"Dec 15, 2017",Star Wars Ep. VIII: The Last Jedi,317000000.0,620181382.0,1316721747.0,2017-12-15,2017,Star Wars Ep. VIII: The Last Jedi,Star Wars: The Last Jedi,0.2727272727272727,Star Wars: The Last Jedi,BV,620200000.0,712400000.0,1332600000.0,-18618.0
194,6,"Sep 7, 2012",The Inbetweeners,5700000.0,35955.0,86051320.0,2012-09-07,2012,The Inbetweeners,The Inbetweeners Movie,0.2727272727272727,The Inbetweeners Movie,WHE,36000.0,88000000.0,88036000.0,-45.0
58,99,"Jun 8, 2018",Oceanâs 8,70000000.0,140218711.0,297115976.0,2018-06-08,2018,Oceanâs 8,Ocean's 8,0.2727272727272727,Ocean's 8,WB,140200000.0,157500000.0,297700000.0,18711.0
142,37,"Aug 22, 2012",Hit & Run,22000000.0,13749300.0,17216955.0,2012-08-22,2012,Hit & Run,Hit and Run,0.2727272727272727,Hit and Run,ORF,13700000.0,704000.0,14404000.0,49300.0
37,40,"Mar 31, 2017",Ghost in the Shell,110000000.0,40563557.0,167910690.0,2017-03-31,2017,Ghost in the Shell,Ghost in the Shell (2017),0.28,Ghost in the Shell (2017),Par.,40600000.0,129199999.0,169799999.0,-36443.0
144,64,"Apr 16, 2010",Death at a Funeral,21000000.0,42739347.0,48977233.0,2010-04-16,2010,Death at a Funeral,Death at a Funeral (2010),0.28,Death at a Funeral (2010),SGem,42700000.0,6300000.0,49000000.0,39347.0
197,20,"Mar 10, 2015",The Pet,1000000.0,0.0,0.0,2015-03-10,2015,The Pet,The Cut,0.2857142857142857,The Cut,Strand,28100.0,,,-28100.0
135,51,"Aug 5, 2015",Shaun the Sheep,25000000.0,19375982.0,101925161.0,2015-08-05,2015,Shaun the Sheep,Shaun the Sheep Movie,0.2857142857142857,Shaun the Sheep Movie,LGF,19400000.0,86800000.0,106200000.0,-24018.0
184,30,"Oct 5, 2012",Wuthering Heights,8000000.0,100915.0,2721534.0,2012-10-05,2012,Wuthering Heights,Wuthering Heights (2012),0.2916666666666667,Wuthering Heights (2012),Osci.,101000.0,,,-85.0
216,85,"Oct 6, 2015",The Timber,2100000.0,0.0,0.0,2015-10-06,2015,The Timber,The Tribe,0.3,The Tribe,Drft.,151000.0,,,-151000.0
243,59,"Nov 25, 2011",The Ridges,17300.0,0.0,0.0,2011-11-25,2011,The Ridges,The Ledge,0.3,The Ledge,IFC,9200.0,602000.0,611200.0,-9200.0
79,35,"Oct 17, 2014",The Book of Life,50000000.0,50151543.0,97651543.0,2014-10-17,2014,The Book of Life,The Book of Life (2014),0.30434782608695654,The Book of Life (2014),Fox,50200000.0,49600000.0,99800000.0,-48457.0
172,58,"Feb 14, 2014",About Last Night,13000000.0,48637684.0,50445860.0,2014-02-14,2014,About Last Night,About Last Night (2014),0.30434782608695654,About Last Night (2014),SGem,48600000.0,365000.0,48965000.0,37684.0
9,70,"May 10, 2013",The Great Gatsby,190000000.0,144840419.0,351040419.0,2013-05-10,2013,The Great Gatsby,The Great Gatsby (2013),0.30434782608695654,The Great Gatsby (2013),WB,144800000.0,208800000.0,353600000.0,40419.0
206,99,"Mar 15, 2016",The Hatching,5000000.0,0.0,0.0,2016-03-15,2016,The Hatching,The Last King,0.3076923076923077,The Last King,Magn.,8900.0,,,-8900.0
127,78,"Oct 30, 2015",Our Brand is Crisis,28000000.0,7002261.0,8594558.0,2015-10-30,2015,Our Brand is Crisis,Our Brand Is Crisis (2015),0.3076923076923077,Our Brand Is Crisis (2015),WB,7000000.0,,,2261.0
212,39,"Jan 30, 2015","Guten Tag, Ramon",4000000.0,154356.0,4854356.0,2015-01-30,2015,"Guten Tag, Ramon","Buen Dia, Ramon",0.3125,"Buen Dia, Ramon",FIP,154000.0,4500000.0,4654000.0,356.0
10,70,"May 10, 2013",The Great Gatsby,190000000.0,144840419.0,351040419.0,2013-05-10,2013,The Great Gatsby,The Great Beauty,0.3125,The Great Beauty,Jan.,2900000.0,18500000.0,21400000.0,141940419.0
13,97,"Apr 15, 2016",The Jungle Book,175000000.0,364001123.0,962854547.0,2016-04-15,2016,The Jungle Book,The Jungle Book (2016),0.3181818181818182,The Jungle Book (2016),BV,364000000.0,602500000.0,966500000.0,1123.0
125,99,"Dec 31, 2015",Wind Walkers,2000000.0,0.0,0.0,2015-12-31,2015,Wind Walkers,Wild Tales,0.3333333333333333,Wild Tales,SPC,3100000.0,23900000.0,27000000.0,-3100000.0
186,65,"Dec 31, 2015",Geroy,7000000.0,0.0,1545121.0,2015-12-31,2015,Geroy,Gueros,0.3333333333333333,Gueros,KL,60100.0,,,-60100.0
123,5,"Jan 30, 2015",Wild Card,30000000.0,3200.0,4315789.0,2015-01-30,2015,Wild Card,Wild City,0.3333333333333333,Wild City,WGUSA,34900.0,,,-31700.0
96,5,"Oct 5, 2018",A Star is Born,36000000.0,215288866.0,433449571.0,2018-10-05,2018,A Star is Born,A Star is Born (2018),0.3333333333333333,A Star is Born (2018),WB,215300000.0,218900000.0,434200000.0,-11134.0
64,78,"Dec 25, 2012",Les Miserables,65000000.0,148809770.0,442169052.0,2012-12-25,2012,Les Miserables,Les Miserables (2012),0.3333333333333333,Les Miserables (2012),Uni.,148800000.0,293000000.0,441800000.0,9770.0
170,42,"Apr 4, 2014",Under the Skin,13300000.0,2614251.0,7229933.0,2014-04-04,2014,Under the Skin,Under the Skin (2014),0.3333333333333333,Under the Skin (2014),A24,2600000.0,2800000.0,5400000.0,14251.0
140,40,"Apr 7, 2017",Going in Style,24000000.0,45018541.0,78672579.0,2017-04-07,2017,Going in Style,Going in Style (2017),0.3333333333333333,Going in Style (2017),WB (NL),45000000.0,39900000.0,84900000.0,18541.0
2,27,"May 4, 2012",The Avengers,225000000.0,623279547.0,1517935897.0,2012-05-04,2012,The Avengers,The Oranges,0.3333333333333333,The Oranges,ATO,366000.0,,,622913547.0
57,43,"Aug 3, 2018",Christopher Robin,75000000.0,99215042.0,197504758.0,2018-08-03,2018,Christopher Robin,Disney's Christopher Robin,0.34615384615384615,Disney's Christopher Robin,BV,99200000.0,98500000.0,197700000.0,15042.0
66,16,"Aug 22, 2014",Sin City: A Dame to Kill For,65000000.0,13757804.0,40650842.0,2014-08-22,2014,Sin City: A Dame to Kill For,Frank Miller's Sin City: A Dame to Kill For,0.3488372093023256,Frank Miller's Sin City: A Dame to Kill For,W/Dim.,13800000.0,25600000.0,39400000.0,-42196.0
30,94,"Mar 24, 2017",Power Rangers,120000000.0,85364450.0,142531552.0,2017-03-24,2017,Power Rangers,Power Rangers (2017),0.35,Power Rangers (2017),LGF,85400000.0,57000000.0,142400000.0,-35550.0
176,4,"Apr 21, 2017",Unforgettable,12000000.0,11368012.0,16221211.0,2017-04-21,2017,Unforgettable,Unforgettable (2017),0.35,Unforgettable (2017),WB,11400000.0,6400000.0,17800000.0,-31988.0
148,16,"Apr 2, 2010",Why Did I Get Married Too?,20000000.0,60095852.0,60831067.0,2010-04-02,2010,Why Did I Get Married Too?,Tyler Perry's Why Did I Get Married Too?,0.35,Tyler Perry's Why Did I Get Married Too?,LGF,60100000.0,578000.0,60678000.0,-4148.0
87,33,"Feb 6, 2014",The Interview,44000000.0,6105175.0,12342632.0,2014-02-06,2014,The Interview,The Interview (2014),0.35,The Interview (2014),Sony,6100000.0,5200000.0,11300000.0,5175.0
230,21,"Dec 31, 2014",Bang Bang Baby,1000000.0,0.0,0.0,2014-12-31,2014,Bang Bang Baby,Bang Bang,0.35714285714285715,Bang Bang,FIP,2500000.0,39500000.0,42000000.0,-2500000.0
238,49,"Aug 23, 2013",Sparrows Dance,175000.0,2602.0,2602.0,2013-08-23,2013,Sparrows Dance,Shadow Dancer,0.35714285714285715,Shadow Dancer,Magn.,101000.0,319000.0,420000.0,-98398.0
56,28,"Nov 9, 2018",Dr. Seussâ The Grinch,75000000.0,270620950.0,511002426.0,2018-11-09,2018,Dr. Seussâ The Grinch,Dr. Seuss' The Grinch (2018),0.35714285714285715,Dr. Seuss' The Grinch (2018),Uni.,270600000.0,241000000.0,511600000.0,20950.0
228,20,"Mar 10, 2015",The Pet,1000000.0,0.0,0.0,2015-03-10,2015,The Pet,The Priests,0.36363636363636365,The Priests,CJ,185000.0,,,-185000.0
46,78,"Apr 21, 2017",The Promise,90000000.0,8224288.0,10551417.0,2017-04-21,2017,The Promise,The Prison,0.36363636363636365,The Prison,WGUSA,207000.0,,,8017288.0
234,62,"Aug 7, 2013",Midnight Cabaret,300000.0,0.0,0.0,2013-08-07,2013,Midnight Cabaret,Midnight's Children,0.3684210526315789,Midnight's Children,P/108,190000.0,,,-190000.0
21,4,"Jul 15, 2016",Ghostbusters,144000000.0,128350574.0,229008658.0,2016-07-15,2016,Ghostbusters,Ghostbusters (2016),0.3684210526315789,Ghostbusters (2016),Sony,128400000.0,100800000.0,229200000.0,-49426.0
115,32,"Feb 8, 2013",Side Effects,30000000.0,32172757.0,66742138.0,2013-02-08,2013,Side Effects,Side Effects (2013),0.3684210526315789,Side Effects (2013),ORF,32200000.0,31200000.0,63400000.0,-27243.0
28,79,"Aug 3, 2012",Total Recall,125000000.0,58877969.0,211856088.0,2012-08-03,2012,Total Recall,Total Recall (2012),0.3684210526315789,Total Recall (2012),Sony,58900000.0,139600000.0,198500000.0,-22031.0
119,58,"Aug 19, 2011",Fright Night,30000000.0,18298649.0,40520649.0,2011-08-19,2011,Fright Night,Fright Night (2011),0.3684210526315789,Fright Night (2011),BV,18300000.0,22700000.0,41000000.0,-1351.0
193,82,"Apr 2, 2010",The Greatest,6000000.0,115862.0,117796.0,2010-04-02,2010,The Greatest,The Greatest (2010),0.3684210526315789,The Greatest (2010),Pala.,115000.0,359000.0,474000.0,862.0
195,31,"Jul 15, 2011",Salvation Boulevard,5500000.0,28468.0,28468.0,2011-07-15,2011,Salvation Boulevard,London Boulevard,0.3684210526315789,London Boulevard,IFC,16100.0,4600000.0,4616100.0,12368.0
48,84,"Sep 14, 2018",The Predator,88000000.0,51024708.0,159487563.0,2018-09-14,2018,The Predator,The Predator (2018),0.3684210526315789,The Predator (2018),Fox,51000000.0,109500000.0,160500000.0,24708.0
152,82,"Feb 14, 2014",Endless Love,20000000.0,23438250.0,34718173.0,2014-02-14,2014,Endless Love,Endless Love (2014),0.3684210526315789,Endless Love (2014),Uni.,23400000.0,11300000.0,34700000.0,38250.0
126,16,"Sep 28, 2018",Night School,29000000.0,77339130.0,103008792.0,2018-09-28,2018,Night School,Night School (2018),0.3684210526315789,Night School (2018),Uni.,77300000.0,25800000.0,103100000.0,39130.0
171,44,"Sep 12, 2014",No Good Deed,13200000.0,52543632.0,54323210.0,2014-09-12,2014,No Good Deed,No Good Deed (2014),0.3684210526315789,No Good Deed (2014),SGem,52500000.0,1800000.0,54300000.0,43632.0
133,92,"Apr 22, 2011",Madea's Big Happy Family,25000000.0,53345287.0,54160818.0,2011-04-22,2011,Madea's Big Happy Family,Tyler Perry's Madea's Big Happy Family,0.3684210526315789,Tyler Perry's Madea's Big Happy Family,LGF,53300000.0,816000.0,54116000.0,45287.0
209,62,"Dec 31, 2016",Airlift (2016),4400000.0,0.0,9969237.0,2016-12-31,2016,Airlift (2016),Moonlight (2016),0.375,Moonlight (2016),A24,27900000.0,37200000.0,65100000.0,-27900000.0
107,20,"Mar 10, 2015",The Pet,1000000.0,0.0,0.0,2015-03-10,2015,The Pet,The Loft,0.375,The Loft,ORF,6000000.0,4099999.0,10099999.0,-6000000.0
139,27,"Mar 10, 2015",Red Sky,25000000.0,0.0,91116.0,2015-03-10,2015,Red Sky,Red Army,0.375,Red Army,SPC,695000.0,,,-695000.0
161,53,"Aug 22, 2014",The Prince,18000000.0,0.0,0.0,2014-08-22,2014,The Prince,The Green Prince,0.375,The Green Prince,MBox,258000.0,,,-258000.0
84,68,"Mar 29, 2013",The Host,50000000.0,26623701.0,64477051.0,2013-03-29,2013,The Host,The Monk,0.375,The Monk,ATO,13500.0,794000.0,807500.0,26610201.0
196,63,"Aug 7, 2015",The Gift,5000000.0,43787265.0,58978477.0,2015-08-07,2015,The Gift,The Cut,0.375,The Cut,Strand,28100.0,,,43759165.0
80,35,"Oct 17, 2014",The Book of Life,50000000.0,50151543.0,97651543.0,2014-10-17,2014,The Book of Life,The Good Lie,0.375,The Good Lie,WB,2700000.0,,,47451543.0
38,57,"May 23, 2013",The Hangover 3,103000000.0,112200072.0,362000072.0,2013-05-23,2013,The Hangover 3,The Hangover Part III,0.38095238095238093,The Hangover Part III,WB,112200000.0,249800000.0,362000000.0,72.0
153,94,"Nov 20, 2015",Secret in Their Eyes,20000000.0,20180155.0,32608019.0,2015-11-20,2015,Secret in Their Eyes,The Secret in their Eyes (2015),0.3870967741935484,The Secret in their Eyes (2015),STX,20200000.0,14700000.0,34900000.0,-19845.0
181,24,"Nov 7, 2014",Elsa & Fred,10000000.0,67657.0,197901.0,2014-11-07,2014,Elsa & Fred,Elsa & Fred (2014),0.3888888888888889,Elsa & Fred (2014),MNE,286000.0,,,-218343.0
39,100,"Dec 25, 2015",Point Break,100000000.0,28782481.0,126704591.0,2015-12-25,2015,Point Break,Point Break (2015),0.3888888888888889,Point Break (2015),WB,28800000.0,104900000.0,133700000.0,-17519.0
164,57,"Oct 3, 2014",Left Behind,16000000.0,14019924.0,20769209.0,2014-10-03,2014,Left Behind,Left Behind (2014),0.3888888888888889,Left Behind (2014),Free,14000000.0,5700000.0,19700000.0,19924.0
47,78,"Apr 21, 2017",The Promise,90000000.0,8224288.0,10551417.0,2017-04-21,2017,The Promise,The Promise (2017),0.3888888888888889,The Promise (2017),ORF,8199999.0,4200000.0,12399999.0,24289.0
100,62,"May 22, 2015",Poltergeist,35000000.0,47425125.0,95713069.0,2015-05-22,2015,Poltergeist,Poltergeist (2015),0.3888888888888889,Poltergeist (2015),Fox,47400000.0,48000000.0,95400000.0,25125.0
191,19,"May 11, 2018",Breaking In,6000000.0,46840590.0,51411620.0,2018-05-11,2018,Breaking In,Breaking In (2018),0.3888888888888889,Breaking In (2018),Uni.,46800000.0,4600000.0,51400000.0,40590.0
220,84,"Apr 19, 2013",The Lords of Salem,1500000.0,1165881.0,1541131.0,2013-04-19,2013,The Lords of Salem,The Look of Love,0.3888888888888889,The Look of Love,IFC,21300.0,,,1144581.0
213,16,"Mar 18, 2016",The Bronze,3500000.0,615816.0,615816.0,2016-03-18,2016,The Bronze,The Choice,0.4,The Choice,LGF,18700000.0,,,-18084184.0
208,58,"Nov 3, 2015",The Final Girls,4500000.0,0.0,0.0,2015-11-03,2015,The Final Girls,The Danish Girl,0.4,The Danish Girl,Focus,11100000.0,53100000.0,64200000.0,-11100000.0
105,56,"Mar 13, 2015",The Lovers,35000000.0,0.0,53899.0,2015-03-13,2015,The Lovers,The Loft,0.4,The Loft,ORF,6000000.0,4099999.0,10099999.0,-6000000.0
124,5,"Jan 30, 2015",Wild Card,30000000.0,3200.0,4315789.0,2015-01-30,2015,Wild Card,Wild Tales,0.4,Wild Tales,SPC,3100000.0,23900000.0,27000000.0,-3096800.0
233,18,"Aug 8, 2014",The Maid's Room,600000.0,0.0,0.0,2014-08-08,2014,The Maid's Room,The Blue Room,0.4,The Blue Room,IFC,255000.0,,,-255000.0
244,59,"Nov 25, 2011",The Ridges,17300.0,0.0,0.0,2011-11-25,2011,The Ridges,The Robber,0.4,The Robber,Kino,83500.0,125000.0,208500.0,-83500.0
51,28,"Jul 19, 2013",RED 2,84000000.0,53262560.0,141507355.0,2013-07-19,2013,RED 2,Red 2,0.4,Red 2,LG/S,53300000.0,94800000.0,148100000.0,-37440.0
237,4,"Aug 18, 2015",The Love Letter,250000.0,0.0,0.0,2015-08-18,2015,The Love Letter,The Forecaster,0.4,The Forecaster,FOR,10200.0,,,-10200.0
242,15,"Oct 4, 2013",The Dirties,55000.0,0.0,0.0,2013-10-04,2013,The Dirties,The Guillotines,0.4,The Guillotines,WGUSA,5300.0,,,-5300.0
232,15,"May 22, 2015",Drunk Wedding,600000.0,3301.0,3301.0,2015-05-22,2015,Drunk Wedding,Jenny's Wedding,0.4,Jenny's Wedding,IFC,4700.0,,,-1399.0
159,4,"Apr 28, 2017",The Circle,18000000.0,20497844.0,40651864.0,2017-04-28,2017,The Circle,The Lure,0.4,The Lure,Jan.,102000.0,,,20395844.0
53,20,"Sep 22, 2017",The Lego Ninjago Movie,70000000.0,59281555.0,122737201.0,2017-09-22,2017,The Lego Ninjago Movie,The LEGO Batman Movie,0.4090909090909091,The LEGO Batman Movie,WB,175800000.0,136200000.0,312000000.0,-116518445.0
54,41,"Feb 10, 2017",The Lego Batman Movie,80000000.0,175750384.0,310660018.0,2017-02-10,2017,The Lego Batman Movie,The LEGO Ninjago Movie,0.4090909090909091,The LEGO Ninjago Movie,WB,59300000.0,63800000.0,123100000.0,116450384.0
180,81,"May 3, 2013",The Iceman,10000000.0,1930282.0,3623609.0,2013-05-03,2013,The Iceman,The Iceman (2013),0.4117647058823529,The Iceman (2013),MNE,2000000.0,,,-69718.0
40,13,"Mar 13, 2015",Cinderella,95000000.0,201151353.0,534551353.0,2015-03-13,2015,Cinderella,Cinderella (2015),0.4117647058823529,Cinderella (2015),BV,201200000.0,342400000.0,543600000.0,-48647.0
155,11,"Sep 29, 2017",Flatliners,20000000.0,16883115.0,45173738.0,2017-09-29,2017,Flatliners,Flatliners (2017),0.4117647058823529,Flatliners (2017),Sony,16900000.0,28300000.0,45200000.0,-16885.0
162,56,"Jul 13, 2012",Red Lights,17700000.0,49521.0,14518884.0,2012-07-13,2012,Red Lights,Red Lights (2012),0.4117647058823529,Red Lights (2012),MNE,52600.0,13500000.0,13552600.0,-3079.0
160,4,"Apr 28, 2017",The Circle,18000000.0,20497844.0,40651864.0,2017-04-28,2017,The Circle,The Circle (2017),0.4117647058823529,The Circle (2017),STX,20500000.0,,,-2156.0
141,97,"Jun 28, 2013",Redemption,23000000.0,36686.0,13593473.0,2013-06-28,2013,Redemption,Redemption (2013),0.4117647058823529,Redemption (2013),RAtt.,36900.0,,,-214.0
211,26,"Jun 13, 2014",The Signal,4000000.0,600896.0,2665322.0,2014-06-13,2014,The Signal,The Signal (2014),0.4117647058823529,The Signal (2014),Focus,601000.0,,,-104.0
35,28,"Dec 21, 2016",Passengers,110000000.0,100014699.0,302239672.0,2016-12-21,2016,Passengers,Passengers (2016),0.4117647058823529,Passengers (2016),Sony,100000000.0,203100000.0,303100000.0,14699.0
114,28,"Mar 2, 2018",Death Wish,30000000.0,34017028.0,48575965.0,2018-03-02,2018,Death Wish,Death Wish (2018),0.4117647058823529,Death Wish (2018),MGM,34000000.0,,,17028.0
113,22,"Sep 13, 2013",The Family,30000000.0,36918811.0,51078541.0,2013-09-13,2013,The Family,The Family (2013),0.4117647058823529,The Family (2013),Rela.,36900000.0,41500000.0,78400000.0,18811.0
138,88,"Sep 16, 2011",Straw Dogs,25000000.0,10324441.0,11253821.0,2011-09-16,2011,Straw Dogs,Straw Dogs (2011),0.4117647058823529,Straw Dogs (2011),SGem,10300000.0,,,24441.0
102,80,"Dec 25, 2015",Concussion,35000000.0,34531832.0,50363790.0,2015-12-25,2015,Concussion,Concussion (2015),0.4117647058823529,Concussion (2015),Sony,34500000.0,14100000.0,48600000.0,31832.0
169,35,"Feb 3, 2017",The Comedian,15000000.0,1658706.0,1658706.0,2017-02-03,2017,The Comedian,The Salesman,0.4166666666666667,The Salesman,Cohen,2400000.0,,,-741294.0
245,59,"Nov 25, 2011",The Ridges,17300.0,0.0,0.0,2011-11-25,2011,The Ridges,The Hedgehog,0.4166666666666667,The Hedgehog,NeoC,708000.0,12000000.0,12708000.0,-708000.0
217,3,"Apr 21, 2015",The Marine 4,1950000.0,0.0,0.0,2015-04-21,2015,The Marine 4,The Tribe,0.4166666666666667,The Tribe,Drft.,151000.0,,,-151000.0
236,97,"Apr 11, 2014",Jesus People,250000.0,0.0,0.0,2014-04-11,2014,Jesus People,Bird People,0.4166666666666667,Bird People,IFC,32100.0,,,-32100.0
168,35,"Feb 3, 2017",The Comedian,15000000.0,1658706.0,1658706.0,2017-02-03,2017,The Comedian,The Commune,0.4166666666666667,The Commune,Magn.,38700.0,,,1620006.0
120,58,"Aug 19, 2011",Fright Night,30000000.0,18298649.0,40520649.0,2011-08-19,2011,Fright Night,Last Night,0.4166666666666667,Last Night,Trib.,99000.0,7600000.0,7699000.0,18199649.0
235,97,"Apr 11, 2014",Jesus People,250000.0,0.0,0.0,2014-04-11,2014,Jesus People,Jessabelle,0.4166666666666667,Jessabelle,LGF,,7000000.0,,
221,84,"Apr 19, 2013",The Lords of Salem,1500000.0,1165881.0,1541131.0,2013-04-19,2013,The Lords of Salem,The Kings of Summer,0.42105263157894735,The Kings of Summer,CBS,1300000.0,,,-134119.0
226,39,"Jul 28, 2017",An Inconvenient Sequel,1000000.0,3496795.0,5839322.0,2017-07-28,2017,An Inconvenient Sequel,An Inconvenient Sequel: Truth to Power,0.42105263157894735,An Inconvenient Sequel: Truth to Power,Par.,3500000.0,1900000.0,5400000.0,-3205.0
147,9,"Oct 21, 2016",Tyler Perryâs Boo! A Madea Halloween,20000000.0,73206343.0,73206343.0,2016-10-21,2016,Tyler Perryâs Boo! A Madea Halloween,Boo! A Madea Halloween,0.42105263157894735,Boo! A Madea Halloween,LGF,73200000.0,1600000.0,74800000.0,6343.0
210,62,"Dec 31, 2016",Airlift (2016),4400000.0,0.0,9969237.0,2016-12-31,2016,Airlift (2016),Silence (2016),0.42857142857142855,Silence (2016),Par.,7100000.0,16600000.0,23700000.0,-7100000.0
229,20,"Mar 10, 2015",The Pet,1000000.0,0.0,0.0,2015-03-10,2015,The Pet,Theeb,0.42857142857142855,Theeb,FM,283000.0,,,-283000.0
3,27,"May 4, 2012",The Avengers,225000000.0,623279547.0,1517935897.0,2012-05-04,2012,The Avengers,Marvel's The Avengers,0.42857142857142855,Marvel's The Avengers,BV,623400000.0,895500000.0,1518900000.0,-120453.0
241,12,"Mar 16, 2012",The FP,60000.0,0.0,0.0,2012-03-16,2012,The FP,The Bay,0.42857142857142855,The Bay,RAtt.,30700.0,,,-30700.0
222,89,"Dec 31, 2017",The Islands,1200000.0,0.0,0.0,2017-12-31,2017,The Islands,The Villainess,0.42857142857142855,The Villainess,WGUSA,27700.0,,,-27700.0
239,95,"Mar 17, 2015",Closure,100000.0,0.0,0.0,2015-03-17,2015,Closure,Court,0.42857142857142855,Court,Zeit.,22900.0,,,-22900.0
240,12,"Mar 16, 2012",The FP,60000.0,0.0,0.0,2012-03-16,2012,The FP,The Day,0.42857142857142855,The Day,Anch.,21000.0,,,-21000.0
189,4,"Dec 31, 2011",Tracker,6500000.0,0.0,3149.0,2011-12-31,2011,Tracker,Wrecked,0.42857142857142855,Wrecked,IFC,8000.0,,,-8000.0
190,43,"Sep 23, 2011",Weekend,190000.0,484592.0,1577585.0,2011-09-23,2011,Weekend,Wrecked,0.42857142857142855,Wrecked,IFC,8000.0,,,476592.0
122,86,"Jan 14, 2011",Barney's Version,30000000.0,7502560.0,8845575.0,2011-01-14,2011,Barney's Version,Barney's Version (U.S. only),0.42857142857142855,Barney's Version (U.S. only),SPC,4400000.0,4000000.0,8400000.0,3102560.0
131,37,"Jan 22, 2010",Legion,26000000.0,40168080.0,67647574.0,2010-01-22,2010,Legion,Lebanon,0.42857142857142855,Lebanon,SPC,368000.0,830000.0,1198000.0,39800080.0
69,44,"Feb 7, 2014",The Lego Movie,60000000.0,257784718.0,457729388.0,2014-02-07,2014,The Lego Movie,The One I Love,0.42857142857142855,The One I Love,RTWC,513000.0,,,257271718.0
86,42,"Dec 23, 2016",Silence,46500000.0,7100177.0,23726626.0,2016-12-23,2016,Silence,Solace,0.42857142857142855,Solace,LGP,,22400000.0,,
